MSSubClass,LotArea,Street,BsmtFullBath,1stFlrSF,2ndFlrSF,YearRemodAdd,CentralAir,GarageQual,SaleCondition,Neighborhood
60,8450,Pave,1,856,854,2003,Y,TA,Normal,CollgCr
20,9600,Pave,0,1262,0,1976,Y,TA,Normal,Veenker
60,11250,Pave,1,920,866,2002,Y,TA,Normal,CollgCr
70,9550,Pave,1,961,756,1970,Y,TA,Abnorml,Crawfor
60,14260,Pave,1,1145,1053,2000,Y,TA,Normal,NoRidge
50,14115,Pave,1,796,566,1995,Y,TA,Normal,Mitchel
20,10084,Pave,1,1694,0,2005,Y,TA,Normal,Somerst
60,10382,Pave,1,1107,983,1973,Y,TA,Normal,NWAmes
50,6120,Pave,0,1022,752,1950,Y,Fa,Abnorml,OldTown
190,7420,Pave,1,1077,0,1950,Y,Gd,Normal,BrkSide
20,11200,Pave,1,1040,0,1965,Y,TA,Normal,Sawyer
60,11924,Pave,1,1182,1142,2006,Y,TA,Partial,NridgHt
20,12968,Pave,1,912,0,1962,Y,TA,Normal,Sawyer
20,10652,Pave,0,1494,0,2007,Y,TA,Partial,CollgCr
20,10920,Pave,1,1253,0,1960,Y,TA,Normal,NAmes
45,6120,Pave,0,854,0,2001,Y,TA,Normal,BrkSide
20,11241,Pave,1,1004,0,1970,Y,TA,Normal,NAmes
90,10791,Pave,0,1296,0,1967,Y,TA,Normal,Sawyer
20,13695,Pave,1,1114,0,2004,Y,TA,Normal,SawyerW
20,7560,Pave,0,1339,0,1965,Y,TA,Abnorml,NAmes
60,14215,Pave,0,1158,1218,2006,Y,TA,Partial,NridgHt
45,7449,Pave,0,1108,0,1950,Y,TA,Normal,IDOTRR
20,9742,Pave,0,1795,0,2002,Y,TA,Normal,CollgCr
120,4224,Pave,1,1060,0,1976,Y,TA,Normal,MeadowV
20,8246,Pave,1,1060,0,2001,Y,TA,Normal,Sawyer
20,14230,Pave,0,1600,0,2007,Y,TA,Normal,NridgHt
20,7200,Pave,0,900,0,2000,Y,TA,Normal,NAmes
20,11478,Pave,1,1704,0,2008,Y,TA,Normal,NridgHt
20,16321,Pave,1,1600,0,1997,Y,TA,Normal,NAmes
30,6324,Pave,0,520,0,1950,N,Fa,Normal,BrkSide
70,8500,Pave,0,649,668,1950,N,TA,Normal,IDOTRR
20,8544,Pave,0,1228,0,2006,Y,TA,Normal,Sawyer
20,11049,Pave,0,1234,0,2007,Y,TA,Normal,CollgCr
20,10552,Pave,0,1700,0,1959,Y,TA,Normal,NAmes
120,7313,Pave,1,1561,0,2005,Y,TA,Normal,NridgHt
60,13418,Pave,0,1132,1320,2005,Y,TA,Normal,NridgHt
20,10859,Pave,0,1097,0,1995,Y,TA,Normal,CollgCr
20,8532,Pave,0,1297,0,1990,Y,TA,Normal,NAmes
20,7922,Pave,1,1057,0,2007,Y,TA,Abnorml,NAmes
90,6040,Pave,0,1152,0,1955,N,,AdjLand,Edwards
20,8658,Pave,0,1324,0,1965,Y,TA,Abnorml,NAmes
20,16905,Pave,0,1328,0,1959,Y,TA,Normal,Timber
85,9180,Pave,1,884,0,1983,Y,TA,Normal,SawyerW
20,9200,Pave,1,938,0,1980,Y,TA,Normal,CollgCr
20,7945,Pave,1,1150,0,1959,Y,TA,Normal,NAmes
120,7658,Pave,1,1752,0,2005,Y,TA,Normal,NridgHt
50,12822,Pave,1,1518,631,2003,Y,TA,Abnorml,Mitchel
20,11096,Pave,0,1656,0,2006,Y,TA,Normal,Somerst
190,4456,Pave,0,736,716,2008,Y,,Partial,OldTown
20,7742,Pave,1,955,0,1966,Y,TA,Normal,Sawyer
60,13869,Pave,0,794,676,1997,Y,TA,Normal,Gilbert
50,6240,Pave,0,816,0,1950,Y,TA,Normal,BrkSide
90,8472,Grvl,1,816,0,1963,N,TA,Normal,IDOTRR
20,50271,Pave,2,1842,0,1987,Y,TA,Normal,Veenker
80,7134,Pave,0,1360,0,1955,Y,TA,Normal,NAmes
20,10175,Pave,0,1425,0,1964,Y,TA,Normal,NAmes
160,2645,Pave,1,983,756,2000,Y,TA,Abnorml,Somerst
60,11645,Pave,0,860,860,2004,Y,TA,Normal,CollgCr
60,13682,Pave,0,1426,1519,2006,Y,TA,Partial,StoneBr
20,7200,Pave,0,780,0,1972,Y,TA,Normal,CollgCr
20,13072,Pave,1,1158,0,2004,Y,TA,Partial,SawyerW
75,7200,Pave,0,581,530,1996,N,TA,Normal,IDOTRR
120,6442,Pave,0,1370,0,2006,Y,TA,Normal,NridgHt
70,10300,Pave,0,902,808,1950,Y,TA,Normal,OldTown
60,9375,Pave,1,1057,977,1998,Y,TA,Normal,CollgCr
60,9591,Pave,0,1143,1330,2005,Y,TA,Normal,NridgHt
20,19900,Pave,1,2207,0,1989,Y,TA,Normal,NAmes
20,10665,Pave,1,1479,0,2003,Y,TA,Normal,CollgCr
30,4608,Pave,0,747,0,1950,Y,TA,Normal,OldTown
50,15593,Pave,0,1304,983,1953,Y,TA,Normal,ClearCr
20,13651,Pave,1,2223,0,1973,Y,TA,Normal,NAmes
20,7599,Pave,1,845,0,2006,Y,TA,Normal,Mitchel
60,10141,Pave,0,885,833,1998,Y,TA,Normal,Gilbert
20,10200,Pave,1,1086,0,2003,Y,TA,Normal,NAmes
50,5790,Pave,0,840,765,1950,N,TA,Normal,OldTown
180,1596,Pave,1,526,462,1973,Y,TA,Normal,MeadowV
20,8475,Pave,0,952,0,1956,Y,TA,Normal,NAmes
50,8635,Pave,1,1072,213,2001,Y,TA,Normal,BrkSide
90,10778,Pave,0,1768,0,1968,N,,Normal,Sawyer
50,10440,Pave,0,682,548,1981,Y,TA,Normal,OldTown
60,13000,Pave,0,1182,960,1968,Y,TA,Normal,NAmes
120,4500,Pave,1,1337,0,1998,Y,TA,Normal,Mitchel
20,10206,Pave,0,1563,0,2007,Y,TA,Normal,Somerst
20,8892,Pave,0,1065,0,1960,Y,TA,Normal,NAmes
80,8530,Pave,0,804,670,1996,Y,TA,Normal,Gilbert
60,16059,Pave,0,1301,1116,1992,Y,TA,Normal,NoRidge
60,11911,Pave,0,684,876,2005,Y,TA,Normal,Gilbert
160,3951,Pave,0,612,612,2009,Y,TA,Partial,Somerst
50,8470,Pave,0,1013,0,1982,N,,Abnorml,IDOTRR
20,8070,Pave,1,990,0,1995,Y,,Normal,CollgCr
20,7200,Pave,0,1040,0,1950,Y,TA,Normal,NAmes
20,8500,Pave,0,1235,0,1961,Y,TA,Abnorml,NAmes
30,13360,Pave,1,964,0,2006,Y,TA,Normal,Crawfor
190,7200,Pave,0,1260,1031,1998,N,TA,Normal,OldTown
60,9337,Pave,1,905,881,1997,Y,TA,Normal,CollgCr
60,9765,Pave,0,680,790,1993,Y,TA,Normal,Gilbert
20,10264,Pave,0,1588,0,1999,Y,TA,Normal,CollgCr
20,10921,Pave,1,960,0,1965,Y,TA,Normal,Edwards
30,10625,Pave,0,835,0,1950,N,Fa,Abnorml,Edwards
20,9320,Pave,1,1225,0,1959,Y,,Normal,NAmes
20,10603,Pave,1,1610,0,2001,Y,TA,Normal,NWAmes
60,9206,Pave,0,977,755,1985,Y,TA,Normal,SawyerW
90,7018,Pave,0,1535,0,1979,Y,TA,Alloca,SawyerW
20,10402,Pave,0,1226,0,2009,Y,TA,Normal,CollgCr
50,7758,Pave,0,1226,592,1950,Y,TA,Normal,IDOTRR
60,9375,Pave,0,1053,939,2004,Y,TA,Normal,Somerst
30,10800,Pave,0,1047,0,1995,Y,Fa,Normal,OldTown
20,6000,Pave,0,789,0,1950,Y,TA,Partial,OldTown
50,8500,Pave,0,997,520,2005,N,,Normal,IDOTRR
20,11751,Pave,0,1844,0,1977,Y,TA,Normal,NWAmes
50,9525,Pave,0,1216,639,1972,Y,TA,Normal,Edwards
80,7750,Pave,0,774,656,2000,Y,TA,Normal,Gilbert
60,9965,Pave,1,1282,1414,2007,Y,TA,Partial,CollgCr
20,21000,Pave,1,2259,0,1953,Y,TA,Abnorml,Crawfor
70,7259,Pave,1,1436,884,2002,Y,TA,Normal,Crawfor
160,3230,Pave,0,729,729,1999,Y,TA,Normal,Somerst
20,11616,Pave,0,1092,0,1962,Y,TA,Normal,Sawyer
20,8536,Pave,0,1125,0,2007,Y,TA,Partial,Edwards
60,12376,Pave,1,1699,1523,1990,Y,TA,Normal,SawyerW
60,8461,Pave,0,728,728,2006,Y,TA,Partial,CollgCr
80,21453,Pave,1,988,0,1969,Y,TA,Normal,ClearCr
50,6060,Pave,0,772,351,1950,Y,TA,Normal,IDOTRR
20,9464,Pave,0,1080,0,1958,Y,TA,Normal,NAmes
120,7892,Pave,0,1199,0,1993,Y,TA,Normal,SawyerW
20,17043,Pave,0,1586,0,1998,Y,TA,Normal,NWAmes
190,6780,Pave,1,520,0,1982,N,,Normal,IDOTRR
120,4928,Pave,0,958,0,1976,Y,TA,Normal,NPkVill
45,4388,Pave,0,840,0,1950,Y,,Normal,OldTown
60,7590,Pave,0,660,688,1966,Y,TA,Normal,NAmes
20,8973,Pave,0,1053,0,1991,Y,TA,Abnorml,NAmes
60,14200,Pave,0,1216,941,1966,Y,TA,Normal,NAmes
60,12224,Pave,1,1022,1032,2000,Y,TA,Normal,Gilbert
20,7388,Pave,1,1327,0,2002,Y,TA,Normal,NAmes
20,6853,Pave,1,1296,0,2002,Y,TA,Normal,Timber
20,10335,Pave,0,1721,0,1993,Y,TA,Normal,Sawyer
20,10400,Pave,0,1682,0,1970,Y,TA,Normal,NWAmes
20,10355,Pave,0,1214,0,1967,Y,TA,Normal,NAmes
90,11070,Pave,0,1959,0,1989,Y,TA,Family,Mitchel
60,9066,Pave,0,1004,848,2000,Y,TA,Normal,CollgCr
60,15426,Pave,1,928,836,1997,Y,TA,Normal,CollgCr
20,10500,Pave,0,864,0,1971,Y,,Normal,NAmes
20,11645,Pave,1,1734,0,2005,Y,TA,Normal,CollgCr
50,8520,Pave,0,910,475,1952,Y,TA,Normal,NAmes
20,10335,Pave,1,1501,0,1999,Y,TA,Normal,CollgCr
90,9100,Pave,1,1728,0,1963,Y,TA,Abnorml,Sawyer
160,2522,Pave,0,970,739,2006,Y,TA,Normal,Edwards
30,6120,Pave,1,875,0,1993,Y,Fa,Normal,BrkSide
60,9505,Pave,0,884,1151,2001,Y,TA,Normal,Gilbert
20,7500,Pave,1,1080,0,2005,Y,,Normal,SawyerW
50,6240,Pave,0,896,448,1950,Y,Fa,Normal,BrkSide
20,10356,Pave,0,969,0,1975,Y,TA,Normal,CollgCr
20,13891,Pave,1,1710,0,2008,Y,TA,Partial,NridgHt
60,14803,Pave,0,1097,896,1971,Y,TA,Normal,NWAmes
20,13500,Pave,1,1252,0,1975,Y,TA,Normal,ClearCr
30,11340,Pave,0,1200,0,1950,Y,Fa,Family,OldTown
50,9600,Pave,0,572,524,1950,N,,Normal,Edwards
20,7200,Pave,0,1040,0,1950,Y,TA,Normal,NAmes
60,12003,Pave,0,774,1194,2010,Y,TA,Partial,Timber
60,12552,Pave,0,991,956,2005,Y,TA,Normal,Somerst
60,19378,Pave,1,1392,1070,2006,Y,TA,Partial,Gilbert
20,11120,Pave,0,1232,0,1984,Y,TA,Normal,Veenker
60,13688,Pave,1,1572,1096,2004,Y,TA,Normal,NridgHt
20,12182,Pave,0,1541,0,2005,Y,TA,Partial,NridgHt
45,5500,Pave,0,882,0,1956,Y,,Normal,OldTown
40,5400,Pave,0,1149,467,2004,Y,TA,Normal,OldTown
190,10106,Pave,1,808,547,1999,Y,,Normal,Edwards
20,10708,Pave,1,1867,0,1993,Y,TA,Normal,ClearCr
60,10562,Pave,1,1610,551,2007,Y,TA,Partial,NridgHt
60,8244,Pave,0,840,880,2004,Y,TA,Normal,Gilbert
20,16669,Pave,0,1707,0,1981,Y,TA,Normal,Timber
50,12358,Pave,0,854,0,1950,Y,TA,Normal,OldTown
20,31770,Pave,1,1656,0,1960,Y,TA,Normal,NAmes
160,5306,Pave,1,1064,703,1987,Y,Gd,Normal,StoneBr
20,10197,Pave,1,1362,0,1961,Y,TA,Normal,NAmes
20,12416,Pave,1,1651,0,1986,Y,TA,Normal,Timber
20,12615,Pave,1,2158,0,2001,Y,TA,Normal,Edwards
60,10029,Pave,0,1164,896,1989,Y,TA,Normal,ClearCr
50,13650,Pave,1,1252,668,1958,Y,TA,Normal,Sawyer
20,17423,Pave,1,2234,0,2009,Y,TA,Partial,StoneBr
30,8520,Pave,0,968,0,2006,Y,Fa,Normal,OldTown
160,2117,Pave,0,769,756,2000,Y,TA,Normal,Somerst
70,7588,Pave,0,901,901,1950,Y,Fa,Normal,Crawfor
20,9060,Pave,0,1340,0,2006,Y,TA,Normal,Edwards
50,11426,Pave,0,1362,720,2003,Y,TA,Normal,OldTown
50,7438,Pave,0,936,316,1991,Y,TA,Normal,BrkSide
75,22950,Pave,0,1518,1518,1993,Y,Ex,Normal,OldTown
80,9947,Pave,1,1217,0,1991,Y,TA,Normal,Mitchel
50,10410,Pave,0,808,704,1987,Y,Fa,Normal,OldTown
90,7018,Pave,2,1224,0,1979,Y,TA,Alloca,SawyerW
120,4923,Pave,1,1593,0,2002,Y,TA,Normal,StoneBr
70,10570,Pave,0,1549,1178,1994,Y,TA,Normal,Crawfor
60,7472,Pave,1,725,754,2004,Y,TA,Normal,NAmes
20,9017,Pave,1,1431,0,1999,Y,TA,Normal,CollgCr
160,2522,Pave,0,970,739,2004,Y,TA,Normal,Edwards
20,7180,Pave,0,864,0,1972,Y,TA,Normal,CollgCr
160,2280,Pave,0,855,601,1976,Y,TA,Normal,NPkVill
20,9416,Pave,1,1726,0,2007,Y,TA,Partial,Somerst
75,25419,Pave,1,1360,1360,1990,Y,TA,Abnorml,NAmes
75,5520,Pave,0,929,929,1950,Y,,Abnorml,OldTown
20,9591,Pave,1,1713,0,2005,Y,TA,Normal,NridgHt
20,8546,Pave,0,1121,0,2004,Y,TA,Normal,Edwards
20,10125,Pave,0,1279,0,1977,Y,TA,Normal,Mitchel
50,7000,Pave,0,865,445,1950,Y,TA,Normal,OldTown
120,4438,Pave,1,848,0,2004,Y,TA,Normal,CollgCr
50,3500,Pave,0,720,564,1950,Y,TA,Normal,OldTown
20,11851,Pave,0,1442,0,1990,Y,TA,Normal,Gilbert
20,13673,Pave,0,1696,0,1962,Y,TA,Normal,Sawyer
20,12493,Pave,1,1100,0,1960,Y,TA,Normal,NAmes
60,14364,Pave,1,1180,882,1989,Y,TA,Normal,SawyerW
20,8250,Pave,1,1092,0,1964,Y,TA,Normal,NAmes
30,5604,Pave,1,864,0,1950,N,,Normal,Edwards
20,10420,Pave,0,1212,0,2009,Y,TA,Normal,Edwards
60,8640,Pave,1,932,920,2009,Y,TA,Partial,Somerst
20,13568,Pave,0,990,0,1995,Y,TA,Normal,CollgCr
60,10900,Pave,0,689,703,1977,Y,TA,Normal,CollgCr
20,10011,Pave,0,1236,0,1996,Y,TA,Normal,NAmes
20,8450,Pave,1,1436,0,2004,Y,TA,Normal,CollgCr
70,9906,Pave,0,810,518,1950,N,TA,Family,OldTown
50,15660,Pave,0,1137,817,2006,Y,TA,Normal,Crawfor
120,3010,Pave,0,1248,0,2006,Y,TA,Partial,Blmngtn
20,8990,Pave,0,1498,0,2006,Y,TA,Partial,CollgCr
60,8068,Pave,0,1010,1257,2002,Y,TA,Normal,Gilbert
60,11475,Pave,1,811,741,1975,Y,TA,Normal,NWAmes
20,10500,Pave,0,864,0,1971,Y,TA,Abnorml,NAmes
20,13472,Pave,0,2392,0,2003,Y,TA,Normal,NridgHt
160,1680,Pave,0,630,672,1971,Y,TA,Abnorml,BrDale
60,9950,Pave,0,1214,1306,1995,Y,TA,Abnorml,NoRidge
160,1869,Pave,0,483,504,1970,Y,TA,Normal,BrDale
20,8521,Pave,0,912,0,1967,Y,TA,Normal,Sawyer
120,3182,Pave,0,1555,0,2006,Y,TA,Normal,Blmngtn
20,8760,Pave,1,1194,0,1959,Y,TA,Normal,NAmes
60,15138,Pave,1,1490,1304,1996,Y,TA,Normal,NoRidge
160,1680,Pave,0,483,504,1972,Y,TA,Normal,BrDale
20,10650,Pave,1,894,0,1976,Y,TA,Normal,CollgCr
60,7851,Pave,1,860,1100,2002,Y,TA,Normal,Gilbert
160,1680,Pave,0,483,504,1971,Y,TA,Normal,BrDale
20,8773,Pave,0,1414,0,2004,Y,TA,Normal,CollgCr
60,9453,Pave,0,1014,730,2003,Y,TA,Normal,SawyerW
20,12030,Pave,0,1694,0,2007,Y,TA,Partial,NridgHt
50,8741,Pave,0,798,689,1950,Y,TA,Normal,Edwards
20,9000,Pave,1,1566,0,2008,Y,TA,Normal,Somerst
30,3880,Pave,0,866,0,1997,Y,,Normal,OldTown
50,5000,Pave,0,889,551,1950,N,Fa,Normal,OldTown
160,10762,Pave,0,626,591,1980,Y,TA,Normal,SawyerW
60,8880,Pave,1,1222,888,2002,Y,TA,Normal,SawyerW
20,10400,Pave,0,1872,0,1988,Y,TA,Normal,NWAmes
190,9142,Pave,0,908,1020,1950,N,Po,Normal,OldTown
20,11310,Pave,0,1375,0,1954,Y,TA,Normal,NAmes
60,11317,Pave,0,840,828,2003,Y,TA,Normal,CollgCr
50,159000,Pave,0,1444,700,2006,Y,TA,Normal,ClearCr
30,5350,Pave,0,1306,0,1966,Y,,Normal,BrkSide
120,4750,Pave,1,1625,0,2007,Y,TA,Family,Crawfor
60,8366,Pave,0,798,842,2004,Y,TA,Normal,SawyerW
80,9350,Pave,0,1302,0,1991,Y,TA,Normal,NAmes
20,8400,Pave,1,1314,0,1957,Y,TA,Normal,NAmes
60,8738,Pave,0,1005,1286,1999,Y,TA,Normal,Gilbert
60,8791,Pave,0,864,864,2003,Y,TA,Normal,Somerst
20,8814,Pave,1,1604,0,2006,Y,TA,Abnorml,CollgCr
60,12435,Pave,0,963,829,2001,Y,TA,Normal,CollgCr
20,12702,Pave,0,882,0,1956,Y,TA,Normal,OldTown
80,19296,Pave,1,1382,0,1962,Y,TA,Normal,NAmes
60,9588,Pave,0,1482,1092,2007,Y,TA,Partial,CollgCr
80,8471,Pave,1,1212,0,1995,Y,TA,Normal,Sawyer
50,5500,Pave,1,926,0,2001,Y,TA,Normal,OldTown
30,5232,Pave,0,764,0,2004,N,TA,Normal,OldTown
20,12090,Pave,0,1422,0,1981,Y,TA,Normal,NWAmes
60,11207,Pave,1,802,709,1997,Y,TA,Normal,Gilbert
75,8400,Pave,0,1052,720,1997,Y,TA,Normal,SWISU
30,6900,Pave,0,778,0,1955,Y,Ex,Normal,IDOTRR
20,7917,Pave,1,1113,0,1976,Y,TA,Normal,Edwards
60,10728,Pave,0,1095,844,2006,Y,TA,Partial,Somerst
20,39104,Pave,1,1363,0,2005,Y,TA,Normal,ClearCr
60,11764,Pave,0,1164,1106,2007,Y,TA,Normal,NoRidge
20,9600,Pave,1,1632,0,1988,Y,TA,Normal,NAmes
20,8314,Pave,0,816,0,1982,Y,TA,Normal,Mitchel
50,7264,Pave,0,952,596,2007,N,TA,Normal,BrkSide
20,9196,Pave,0,1560,0,2003,Y,TA,Normal,Mitchel
20,19138,Pave,0,864,0,1951,Y,TA,Normal,Gilbert
20,14450,Pave,0,2121,0,2007,Y,TA,Partial,NridgHt
60,10005,Pave,0,1156,866,1977,Y,TA,Normal,ClearCr
60,11287,Pave,0,1175,807,1989,Y,TA,Normal,SawyerW
20,7200,Pave,0,1262,0,2006,Y,TA,Partial,Somerst
120,5063,Pave,1,1314,0,2008,Y,TA,Normal,NridgHt
20,9612,Pave,0,1468,0,2009,Y,TA,Partial,Somerst
120,8012,Pave,1,1575,0,1992,Y,TA,Normal,SawyerW
160,4251,Pave,0,625,625,2007,Y,TA,Partial,Somerst
50,9786,Pave,0,1085,649,1981,Y,TA,Normal,NAmes
20,8125,Pave,0,858,0,1971,Y,,Normal,NAmes
20,9819,Pave,0,900,0,1967,Y,TA,Normal,Sawyer
70,8730,Pave,0,698,698,2003,Y,TA,Normal,BrkSide
60,15611,Pave,0,1079,840,2006,Y,Gd,Partial,CollgCr
190,5687,Pave,1,936,780,2000,N,,Normal,SWISU
50,11409,Pave,0,1148,568,2008,Y,TA,Normal,Edwards
60,16659,Pave,1,1468,795,1994,Y,TA,Normal,NWAmes
20,9600,Pave,1,1644,0,1953,Y,TA,Normal,NAmes
80,7937,Pave,1,1003,0,1984,Y,TA,Normal,Mitchel
50,13710,Pave,0,910,648,1950,Y,TA,Normal,IDOTRR
60,7399,Pave,0,975,975,1998,Y,TA,Normal,Somerst
60,11700,Pave,0,1041,702,1968,Y,TA,Normal,NWAmes
20,14000,Pave,0,1152,0,2004,Y,TA,Family,Crawfor
190,15750,Pave,1,1336,0,1953,Y,TA,Normal,Crawfor
60,16226,Pave,0,1210,1242,1999,Y,TA,Normal,CollgCr
20,13704,Pave,0,1541,0,2002,Y,TA,Normal,CollgCr
20,9800,Pave,1,894,0,1972,Y,TA,Abnorml,CollgCr
75,18386,Pave,0,1675,1818,2002,Y,TA,Normal,OldTown
20,10386,Pave,1,2000,0,2005,Y,TA,Normal,CollgCr
60,13474,Pave,1,1122,1121,1991,Y,TA,Normal,SawyerW
50,7920,Pave,0,1035,371,1950,Y,,Normal,IDOTRR
30,12342,Pave,0,861,0,1950,Y,TA,Normal,Edwards
20,12378,Pave,1,1944,0,2004,Y,TA,Normal,NridgHt
60,7685,Pave,0,697,804,1994,Y,TA,Normal,Gilbert
20,8000,Pave,1,972,0,2002,Y,TA,Normal,NAmes
190,7800,Pave,1,793,325,1950,Y,TA,Normal,OldTown
20,215245,Pave,2,2036,0,1965,Y,TA,Normal,Timber
70,9600,Pave,0,832,809,1990,Y,Fa,Normal,OldTown
60,7795,Pave,1,716,716,2005,Y,TA,Normal,Gilbert
60,13005,Pave,1,1153,1200,1980,Y,TA,Normal,NWAmes
60,9000,Pave,0,1088,871,2006,Y,TA,Normal,Somerst
60,9900,Pave,1,1372,1274,1993,Y,TA,Normal,NoRidge
80,14115,Pave,1,1472,0,1980,Y,TA,Normal,NWAmes
60,16259,Pave,0,1249,1347,2006,Y,TA,Partial,NridgHt
60,12099,Pave,1,1136,1332,2004,Y,TA,Normal,NridgHt
60,10380,Pave,1,1553,1177,1987,Y,TA,Normal,SawyerW
20,5820,Pave,1,1163,0,2005,Y,Fa,Normal,OldTown
80,11275,Pave,0,1898,1080,2007,Y,TA,Normal,NAmes
45,5000,Pave,0,803,0,1950,N,TA,Normal,IDOTRR
120,10846,Pave,2,1719,0,1993,Y,TA,Normal,Veenker
20,11600,Pave,0,1383,0,1960,Y,TA,Normal,NAmes
75,11888,Pave,0,1445,689,1994,N,TA,Normal,BrkSide
70,6402,Pave,0,596,596,1950,N,Fa,Normal,IDOTRR
90,10624,Pave,0,1728,0,1964,Y,TA,Normal,NAmes
20,8176,Pave,1,1056,0,1992,Y,TA,Normal,NAmes
20,10655,Pave,1,1629,0,2004,Y,TA,Normal,NridgHt
120,8198,Pave,1,1358,0,2004,Y,TA,Normal,NridgHt
60,9042,Pave,1,943,695,1998,Y,TA,Normal,Gilbert
190,164660,Grvl,2,1619,167,1965,Y,TA,Normal,Timber
20,14157,Pave,1,1922,0,2006,Y,TA,Normal,StoneBr
20,9135,Pave,1,1536,0,2003,Y,TA,Normal,CollgCr
20,14145,Pave,1,1621,0,1998,Y,TA,Normal,NWAmes
20,12400,Pave,0,1215,0,1998,Y,TA,Normal,NAmes
60,14191,Pave,0,993,915,2002,Y,TA,Normal,Timber
20,8400,Pave,0,841,0,1950,Y,TA,Normal,SawyerW
90,8544,Pave,0,1040,0,1950,N,TA,Normal,NAmes
120,8849,Pave,0,1684,0,2005,Y,TA,Normal,NridgHt
160,2592,Pave,0,536,576,1976,Y,TA,Normal,MeadowV
50,6435,Pave,0,972,605,1950,Y,TA,Normal,BrkSide
20,12772,Pave,0,958,0,1998,Y,TA,Normal,NAmes
20,17600,Pave,1,1478,0,1960,Y,TA,Normal,NAmes
160,2448,Pave,1,764,862,2004,Y,TA,Normal,NridgHt
60,20431,Pave,1,1848,880,2006,Y,TA,Partial,NridgHt
120,7820,Pave,0,1869,0,2007,Y,TA,Partial,NridgHt
120,5271,Pave,1,1453,0,1986,Y,TA,Abnorml,ClearCr
50,9084,Pave,0,616,495,1950,N,TA,Normal,Edwards
30,8520,Pave,0,720,0,2003,Y,TA,Normal,OldTown
50,8400,Pave,0,1192,403,2000,Y,TA,Normal,SWISU
20,11249,Pave,1,1200,0,1995,Y,TA,Normal,CollgCr
20,9248,Pave,1,1167,0,1992,Y,TA,Normal,Gilbert
120,4224,Pave,1,1142,0,1976,Y,TA,Normal,MeadowV
80,6930,Pave,0,1352,0,1958,Y,TA,Abnorml,ClearCr
60,12011,Pave,1,1086,838,1998,Y,TA,Normal,NoRidge
85,7540,Pave,1,912,0,1978,Y,TA,Normal,Mitchel
50,9144,Pave,1,988,517,1982,Y,TA,Normal,BrkSide
85,7301,Pave,0,495,1427,2003,Y,TA,Normal,Edwards
160,1680,Pave,0,483,504,2007,Y,TA,Normal,BrDale
60,18800,Pave,1,790,784,1976,Y,TA,Normal,NWAmes
70,10690,Pave,0,672,672,1997,Y,TA,Normal,IDOTRR
20,9500,Pave,1,1394,0,1963,Y,TA,Normal,NAmes
80,9150,Pave,0,1431,0,1962,Y,TA,Normal,NAmes
20,7800,Pave,0,1268,0,1954,Y,TA,Normal,NAmes
20,9830,Pave,1,1287,0,2006,Y,TA,Normal,NAmes
60,8121,Pave,0,953,711,2000,Y,TA,Normal,Gilbert
50,17120,Pave,0,1120,468,1959,Y,TA,Normal,ClearCr
120,7175,Pave,1,752,0,1984,Y,TA,Normal,SawyerW
20,10634,Pave,1,1319,0,1953,Y,TA,Normal,NAmes
60,8200,Pave,0,847,1081,2004,Y,TA,Normal,CollgCr
30,10020,Pave,1,904,0,1950,N,,Normal,Edwards
85,8846,Pave,0,914,0,1996,Y,TA,Normal,CollgCr
60,11143,Pave,0,1580,886,2005,Y,TA,Normal,Somerst
20,11394,Pave,1,1856,0,2010,Y,TA,Partial,StoneBr
60,8123,Pave,0,1007,793,2000,Y,TA,Normal,Gilbert
50,5000,Pave,0,1026,665,1950,Y,TA,Normal,SWISU
20,7200,Pave,1,1301,0,2006,Y,TA,Partial,Somerst
60,9245,Pave,0,939,858,2006,Y,TA,Normal,CollgCr
45,9000,Pave,0,784,0,1950,N,Fa,Normal,SawyerW
60,53107,Pave,1,1079,874,1992,Y,TA,Normal,ClearCr
120,3182,Pave,0,1269,0,2005,Y,TA,Normal,Blmngtn
50,8410,Pave,0,658,526,1996,Y,,AdjLand,Edwards
80,7200,Pave,1,1125,0,1976,Y,TA,Abnorml,Edwards
20,9382,Pave,0,1479,0,2000,Y,TA,Normal,CollgCr
60,12474,Pave,1,1742,590,2008,Y,TA,Partial,NridgHt
50,8405,Pave,1,961,406,1950,Y,TA,Normal,Edwards
60,12209,Pave,1,804,1157,2002,Y,TA,Normal,Mitchel
20,8339,Pave,0,882,0,1959,Y,TA,Normal,NAmes
30,7446,Pave,0,788,0,1950,Y,,Abnorml,BrkSide
50,10134,Pave,0,735,299,1950,Y,TA,Normal,OldTown
20,9571,Pave,1,1144,0,1956,Y,TA,Normal,Edwards
20,7200,Pave,0,894,0,1972,Y,TA,Normal,CollgCr
60,7590,Pave,0,876,936,1962,Y,TA,Normal,NAmes
30,8967,Pave,0,1077,0,1950,Y,Po,Abnorml,IDOTRR
60,8125,Pave,1,1112,438,2007,Y,TA,Normal,Somerst
120,14963,Pave,1,1288,0,1996,Y,TA,Normal,Veenker
20,8767,Pave,0,1310,0,2005,Y,TA,Partial,CollgCr
30,10200,Pave,0,672,0,1997,Y,TA,Normal,Sawyer
60,12090,Pave,0,1165,1098,1998,Y,TA,Abnorml,NoRidge
60,10364,Pave,0,806,766,1996,Y,TA,Normal,Gilbert
20,9991,Pave,1,1620,0,1993,Y,TA,Normal,Sawyer
50,10480,Pave,0,1166,0,1950,Y,TA,Normal,SWISU
70,15576,Pave,0,840,840,1976,Y,TA,Normal,Crawfor
60,14154,Pave,0,1071,1101,2006,Y,TA,Partial,NridgHt
60,10800,Pave,1,1050,1028,2008,Y,TA,Partial,Somerst
20,9571,Pave,0,1276,0,1958,Y,TA,Abnorml,Edwards
190,34650,Pave,1,1056,0,1955,N,TA,Normal,Gilbert
20,4403,Pave,1,1478,0,2009,Y,TA,Partial,Somerst
30,8960,Pave,0,1028,0,1950,Y,TA,Normal,OldTown
60,11228,Pave,0,1080,1017,1993,Y,TA,Normal,SawyerW
20,8899,Pave,0,1340,0,2007,Y,TA,Partial,Gilbert
60,7844,Pave,0,672,728,1978,Y,TA,Normal,Sawyer
70,22420,Pave,1,1370,1254,1950,N,TA,Normal,Crawfor
50,8160,Pave,1,756,378,1950,N,TA,AdjLand,Edwards
20,8450,Pave,1,1056,0,1968,Y,TA,Normal,NAmes
90,7060,Pave,2,1344,0,1998,Y,TA,Alloca,Mitchel
20,16635,Pave,0,1602,0,2000,Y,TA,Normal,NWAmes
20,21750,Pave,0,988,0,1954,Y,TA,Normal,Mitchel
60,9200,Pave,1,1470,1160,1998,Y,TA,Normal,NoRidge
20,9000,Pave,1,1196,0,1956,Y,TA,Normal,NAmes
60,3378,Pave,0,707,682,1992,Y,TA,Normal,OldTown
80,12800,Pave,1,1644,0,1989,Y,TA,Normal,SawyerW
20,8593,Pave,0,907,0,1957,Y,TA,Normal,NAmes
20,6762,Pave,1,1208,0,2007,Y,TA,Partial,CollgCr
20,11457,Pave,1,1412,0,1988,Y,TA,Normal,Timber
160,1680,Pave,0,483,504,1971,Y,TA,Abnorml,BrDale
50,5586,Pave,0,1088,110,1998,Y,,Abnorml,OldTown
160,1920,Pave,1,765,600,1971,Y,TA,Normal,BrDale
60,10839,Pave,0,926,678,1998,Y,TA,Normal,Gilbert
180,1890,Pave,1,630,0,1972,Y,,Normal,MeadowV
60,10667,Pave,1,827,834,1996,Y,TA,Normal,CollgCr
50,4400,Pave,0,734,384,1950,Y,TA,Normal,OldTown
45,6000,Pave,0,904,0,2004,Y,TA,Normal,BrkSide
30,4280,Pave,0,694,0,2002,N,Gd,Normal,Crawfor
50,12354,Pave,0,684,512,2000,Y,TA,Normal,Edwards
20,15431,Pave,1,2402,0,2008,Y,TA,Normal,NridgHt
90,12108,Pave,0,1440,0,1955,N,,Normal,Edwards
50,6240,Pave,0,1128,445,1992,Y,TA,Normal,BrkSide
120,3922,Pave,0,1258,0,2007,Y,TA,Partial,Blmngtn
60,8750,Pave,1,933,975,1995,Y,TA,Normal,CollgCr
20,9855,Pave,0,1689,0,1956,Y,TA,Normal,Edwards
20,16492,Pave,0,1888,0,2002,Y,TA,Normal,NAmes
60,11214,Pave,0,956,930,1999,Y,TA,Normal,Gilbert
50,8600,Pave,0,780,596,1950,Y,TA,Normal,IDOTRR
50,6000,Pave,0,679,504,2002,Y,TA,Normal,OldTown
30,5684,Pave,0,813,0,2005,Y,Fa,Normal,OldTown
20,70761,Pave,1,1533,0,1975,Y,TA,Normal,ClearCr
60,9303,Pave,1,888,868,1997,Y,TA,Normal,Timber
60,9000,Pave,0,786,804,2008,Y,TA,Normal,Somerst
90,9297,Pave,2,1728,0,1976,Y,TA,Family,Mitchel
20,9600,Pave,0,1242,0,1973,Y,TA,Normal,NWAmes
70,4571,Pave,0,624,720,1950,N,Fa,Abnorml,OldTown
20,53227,Pave,1,1663,0,1994,Y,TA,Normal,ClearCr
70,5100,Pave,0,833,833,1996,Y,TA,Normal,OldTown
50,7015,Pave,1,979,224,1950,Y,TA,Normal,BrkSide
60,8004,Pave,1,832,1103,2009,Y,TA,Partial,Somerst
70,7200,Pave,1,575,560,2007,Y,TA,Normal,SWISU
20,8281,Pave,0,864,0,1965,Y,TA,Normal,Sawyer
70,11988,Pave,0,849,811,1995,Y,TA,Normal,Crawfor
20,8430,Pave,0,1040,0,1978,Y,,Normal,CollgCr
120,3072,Pave,0,1414,0,2004,Y,TA,Normal,Blmngtn
20,10628,Pave,1,1277,0,1970,Y,TA,Normal,NAmes
70,9480,Pave,0,888,756,1995,Y,TA,Normal,NAmes
20,11428,Pave,0,1634,0,2006,Y,TA,Normal,NridgHt
60,9291,Pave,0,832,878,1993,Y,TA,Normal,SawyerW
120,6820,Pave,1,1502,0,1985,Y,TA,Normal,StoneBr
60,11952,Pave,0,1161,808,1977,Y,TA,Normal,NWAmes
180,3675,Pave,1,1072,0,2005,Y,TA,Normal,Edwards
20,14977,Pave,1,1976,0,2007,Y,TA,Partial,NridgHt
120,5330,Pave,1,1652,0,2000,Y,TA,Normal,StoneBr
20,8480,Pave,1,970,0,1963,Y,TA,Normal,Sawyer
20,13125,Pave,1,1493,0,1998,Y,TA,Normal,CollgCr
60,13693,Pave,0,2069,574,2006,Y,TA,Normal,NridgHt
20,10637,Pave,1,1718,0,2008,Y,TA,Normal,CollgCr
30,5925,Pave,0,1131,0,2000,Y,TA,Alloca,OldTown
20,16033,Pave,1,1850,0,2005,Y,TA,Normal,NridgHt
20,11846,Pave,1,1792,0,2004,Y,TA,Normal,NridgHt
70,2500,Pave,1,916,910,2005,Y,Fa,Normal,OldTown
120,4500,Pave,1,1216,0,1998,Y,TA,Normal,Mitchel
20,7758,Pave,1,999,0,2001,Y,TA,Normal,Sawyer
20,9600,Pave,0,1113,0,2007,Y,TA,Normal,NAmes
20,10289,Pave,1,1073,0,1965,Y,TA,Normal,NAmes
20,12243,Pave,0,1484,0,1971,Y,TA,Normal,NWAmes
190,10800,Pave,0,1766,648,1970,N,TA,Normal,OldTown
180,1526,Pave,1,630,0,2002,Y,TA,Normal,MeadowV
160,2665,Pave,0,616,688,1976,Y,TA,Normal,MeadowV
50,9490,Pave,1,958,620,1950,Y,TA,Normal,NAmes
60,15578,Pave,0,728,728,2006,Y,TA,Partial,Gilbert
20,7931,Pave,0,1269,0,1960,Y,TA,Normal,NAmes
30,5784,Pave,0,886,0,1996,Y,TA,Normal,OldTown
30,7879,Pave,0,720,0,1950,N,,Abnorml,IDOTRR
20,12692,Pave,1,3228,0,1993,Y,TA,Normal,NoRidge
50,9120,Pave,1,1133,687,1950,Y,TA,Normal,BrkSide
20,7800,Pave,0,899,0,2004,Y,TA,Normal,Sawyer
20,7535,Pave,0,912,0,1985,Y,TA,Normal,NAmes
160,1890,Pave,0,672,546,1973,Y,TA,Normal,BrDale
60,9803,Pave,0,866,902,2005,Y,TA,Normal,Somerst
20,9170,Pave,1,1214,0,1965,Y,Fa,Normal,Edwards
20,15602,Pave,1,1801,0,1997,Y,TA,Normal,Crawfor
160,2308,Pave,0,855,467,1974,Y,TA,Normal,NPkVill
90,7596,Pave,0,960,1000,1952,Y,TA,Normal,OldTown
60,9554,Pave,0,1065,846,1994,Y,TA,Normal,SawyerW
20,7862,Pave,0,1218,0,2009,Y,TA,Partial,Somerst
70,9600,Pave,0,689,689,2005,Y,TA,Normal,OldTown
20,9600,Pave,1,1041,0,1959,Y,TA,Normal,NAmes
20,14559,Pave,1,1363,0,2000,Y,TA,Normal,NAmes
120,6792,Pave,0,1368,0,2006,Y,TA,Partial,NridgHt
20,9100,Pave,1,864,0,1958,Y,TA,Normal,NAmes
20,9187,Pave,0,1080,0,1983,Y,TA,Normal,Mitchel
45,10594,Pave,0,789,0,1950,N,Po,Normal,Crawfor
20,12220,Pave,1,2020,0,2009,Y,TA,Partial,NridgHt
80,10448,Pave,0,1378,741,1972,Y,TA,Abnorml,NWAmes
60,10208,Pave,0,1277,1067,1997,Y,TA,Normal,NoRidge
60,9531,Pave,1,882,914,1998,Y,TA,Normal,CollgCr
70,10918,Pave,0,1276,804,2004,Y,TA,Normal,Crawfor
190,10800,Pave,0,694,600,2000,N,,Normal,OldTown
20,11988,Pave,0,1244,0,1957,Y,TA,Normal,NAmes
50,5000,Pave,0,1004,660,1950,Y,TA,Normal,BrkSide
60,40094,Pave,1,3138,1538,2008,Y,TA,Partial,Edwards
60,11787,Pave,1,1383,1015,1997,Y,TA,Normal,NoRidge
20,7500,Pave,0,1266,0,2005,Y,TA,Normal,Somerst
20,13300,Pave,0,928,0,2000,Y,TA,Normal,NAmes
60,14948,Pave,1,1476,1237,2008,Y,TA,Partial,NridgHt
30,9098,Pave,1,605,0,2002,Y,,Normal,Edwards
20,32668,Pave,1,2515,0,1975,Y,TA,Alloca,Crawfor
80,10200,Pave,1,1509,0,1989,Y,TA,Abnorml,Timber
70,6155,Pave,0,751,611,1999,Y,TA,Normal,BrkSide
20,7200,Pave,0,827,0,2007,Y,TA,Normal,NAmes
20,5000,Pave,0,334,0,1950,N,,Normal,BrkSide
60,9056,Pave,0,707,707,2004,Y,TA,Normal,Gilbert
190,7000,Pave,1,820,527,1991,Y,,Normal,Edwards
60,8924,Pave,0,880,844,1999,Y,TA,Normal,CollgCr
20,12735,Pave,0,864,0,1972,Y,TA,Normal,NAmes
20,11553,Pave,0,1159,0,1968,Y,TA,Normal,Sawyer
20,11423,Pave,1,1601,0,2002,Y,TA,Normal,CollgCr
20,14601,Pave,1,1838,0,2006,Y,TA,Normal,Timber
60,11000,Pave,0,997,1288,2000,Y,TA,Normal,NoRidge
20,10140,Pave,1,1680,0,1999,Y,TA,Normal,NWAmes
120,4058,Pave,1,767,0,1998,Y,TA,Normal,NAmes
60,17104,Pave,1,664,832,2006,Y,TA,Partial,Gilbert
50,13837,Pave,0,1377,806,1988,Y,TA,Normal,NWAmes
50,8737,Pave,0,915,720,1950,Y,TA,Normal,BrkSide
85,7244,Pave,1,768,0,1970,Y,TA,Normal,Mitchel
20,8235,Pave,1,825,0,1995,Y,TA,Normal,OldTown
60,9375,Pave,0,912,1182,2004,Y,TA,Normal,Somerst
120,4043,Pave,0,1069,0,1977,Y,TA,Abnorml,NPkVill
20,6000,Pave,0,928,0,1957,Y,TA,Normal,OldTown
20,11146,Pave,0,1717,0,2006,Y,TA,Normal,NridgHt
20,8777,Pave,0,1126,0,2003,Y,TA,Normal,Edwards
60,10625,Pave,1,1006,1040,2004,Y,TA,Normal,NridgHt
45,6380,Pave,0,1048,0,1950,Y,TA,Normal,BrkSide
20,14850,Pave,1,1092,0,1957,Y,TA,Normal,NAmes
50,11040,Pave,0,897,439,1950,Y,TA,Normal,IDOTRR
60,21872,Pave,0,729,717,1997,Y,TA,Normal,Gilbert
120,3196,Pave,0,1557,0,2004,Y,TA,Normal,Blmngtn
20,11341,Pave,1,1392,0,1996,Y,TA,Normal,Sawyer
20,10010,Pave,1,1389,0,1975,Y,TA,Normal,Mitchel
30,13907,Pave,1,996,0,1969,Y,,Normal,Edwards
50,21780,Pave,0,1163,511,1950,Y,TA,Normal,Edwards
60,13346,Pave,1,1166,1129,2000,Y,TA,Normal,NoRidge
70,6858,Pave,1,841,806,1950,N,TA,Normal,SWISU
60,11198,Pave,0,1134,1370,2007,Y,TA,Normal,StoneBr
20,10171,Pave,0,1535,0,2004,Y,TA,Normal,NridgHt
50,12327,Pave,1,1496,636,2009,Y,Gd,Normal,SawyerW
90,7032,Pave,1,943,0,1979,Y,TA,Normal,NAmes
90,13101,Pave,0,1728,0,1965,Y,TA,Normal,NAmes
20,7332,Pave,1,864,0,1959,Y,TA,Abnorml,NAmes
60,13159,Pave,0,846,846,2009,Y,TA,Partial,Timber
80,9967,Pave,0,774,656,2000,Y,TA,Normal,Gilbert
80,10500,Pave,0,576,533,2005,Y,TA,Normal,NAmes
50,8480,Pave,0,832,384,1950,Y,TA,Abnorml,NAmes
50,6292,Pave,0,877,600,1950,Y,TA,Normal,SWISU
80,11777,Pave,1,1320,0,1966,Y,TA,Abnorml,Sawyer
160,3604,Pave,0,703,689,2007,Y,TA,Abnorml,Somerst
50,12150,Pave,0,1050,745,1954,N,Fa,Normal,OldTown
20,14585,Pave,0,1429,0,1987,Y,TA,Normal,NAmes
20,12704,Pave,0,2042,0,2009,Y,TA,Partial,NridgHt
90,11841,Grvl,1,816,0,1990,Y,,Normal,Edwards
75,13500,Pave,0,1521,1254,2000,Y,Gd,Normal,OldTown
50,6120,Pave,0,989,584,1995,Y,TA,Normal,BrkSide
20,11443,Pave,1,2028,0,2006,Y,TA,Partial,Timber
30,10267,Pave,1,838,0,2000,Y,TA,Normal,BrkSide
85,8740,Pave,1,860,0,1982,Y,TA,Normal,Sawyer
20,25095,Pave,2,1473,0,2003,Y,TA,Partial,ClearCr
40,9100,Pave,0,779,0,1960,Y,TA,Normal,BrkSide
60,8320,Pave,0,770,812,2004,Y,TA,Normal,CollgCr
60,13478,Pave,1,1728,568,2008,Y,TA,Normal,NridgHt
20,6600,Pave,1,816,0,2003,Y,TA,Normal,Mitchel
120,4435,Pave,1,848,0,2003,Y,TA,Normal,CollgCr
20,7990,Pave,0,924,0,1975,Y,TA,Normal,CollgCr
20,11302,Pave,1,1826,0,2006,Y,TA,Partial,StoneBr
70,3600,Pave,0,684,684,1993,N,TA,Normal,OldTown
120,3922,Pave,0,1402,0,2007,Y,TA,Partial,Blmngtn
20,12984,Pave,1,1647,0,1977,Y,TA,Normal,Crawfor
160,1950,Pave,1,716,840,1980,Y,TA,Normal,Blueste
60,10927,Pave,1,1058,846,2005,Y,TA,Normal,NridgHt
50,9000,Pave,0,780,595,1950,Y,TA,Normal,IDOTRR
60,10041,Pave,1,927,988,1992,Y,TA,Abnorml,SawyerW
160,3182,Pave,0,600,600,2005,Y,TA,Normal,Somerst
20,12803,Pave,1,1494,0,2002,Y,TA,Normal,CollgCr
60,13600,Pave,0,1186,800,1990,Y,TA,Normal,NAmes
20,12464,Pave,1,1040,0,1996,Y,TA,Normal,CollgCr
20,7800,Pave,1,1112,896,2002,Y,TA,Normal,Edwards
70,12168,Pave,0,1940,1254,1998,Y,TA,Alloca,Crawfor
20,7943,Pave,1,1029,0,1961,Y,TA,Normal,Sawyer
60,11050,Pave,1,1476,677,2000,Y,TA,Normal,CollgCr
80,10395,Pave,0,1032,0,1978,Y,TA,Normal,NWAmes
60,11885,Pave,1,1299,573,2001,Y,TA,Normal,CollgCr
20,8402,Pave,0,1120,0,2007,Y,,Partial,Mitchel
180,1491,Pave,1,630,0,1972,Y,,Normal,MeadowV
85,8800,Pave,1,1054,0,1963,Y,TA,Abnorml,NAmes
60,7861,Pave,1,807,702,2003,Y,TA,Normal,Gilbert
45,7227,Pave,0,832,0,1954,Y,TA,Normal,NAmes
20,11694,Pave,0,1828,0,2007,Y,TA,Partial,NridgHt
60,12244,Pave,1,1482,780,2003,Y,TA,Normal,Timber
30,8248,Pave,1,864,0,1950,N,,Normal,Edwards
60,10800,Pave,0,1548,1066,1997,Y,TA,Normal,NWAmes
20,7064,Pave,0,980,0,1977,Y,TA,Normal,Sawyer
160,2117,Pave,0,756,756,2000,Y,TA,Normal,Somerst
60,10400,Pave,1,1012,778,1972,Y,TA,Normal,NWAmes
20,10000,Pave,0,1116,0,1962,Y,TA,Normal,NAmes
20,12342,Pave,0,1422,0,1978,Y,TA,Normal,NAmes
80,9600,Pave,1,1520,0,1972,Y,TA,Normal,NAmes
60,11606,Pave,0,1040,1040,1969,Y,TA,Family,NAmes
80,9020,Pave,1,1350,0,1964,Y,TA,Normal,NAmes
70,9000,Pave,0,1089,661,1991,Y,Fa,Abnorml,OldTown
120,4590,Pave,0,1554,0,2006,Y,TA,Normal,NridgHt
20,11900,Pave,0,1411,0,1977,Y,TA,Family,NWAmes
20,9250,Pave,0,1056,0,2005,Y,TA,Normal,NAmes
90,6979,Pave,2,1056,0,1980,Y,TA,Normal,OldTown
190,10896,Pave,0,1440,1440,1995,Y,,Abnorml,SWISU
30,6120,Pave,0,800,0,1950,N,,Normal,BrkSide
190,6000,Pave,0,811,576,1954,Y,TA,Normal,OldTown
30,8777,Pave,0,796,0,1950,Y,,Normal,Edwards
120,3982,Pave,1,1567,0,2006,Y,TA,Partial,Blmngtn
120,12677,Pave,0,1518,0,2004,Y,TA,Normal,NridgHt
60,7050,Pave,1,1057,872,2001,Y,TA,Normal,Somerst
80,13860,Pave,1,2000,704,1995,Y,TA,Normal,NAmes
60,10793,Pave,0,780,840,1969,Y,TA,Normal,NWAmes
20,9187,Pave,1,1766,0,2009,Y,TA,Partial,Somerst
20,10530,Pave,1,981,0,1971,Y,TA,Normal,NAmes
20,7200,Pave,0,1048,0,1950,Y,TA,Normal,NAmes
20,10452,Pave,0,1094,0,1953,Y,TA,Normal,Edwards
60,7700,Pave,0,1051,788,1966,Y,TA,Normal,NAmes
180,1936,Pave,1,630,0,1970,Y,,Normal,MeadowV
60,8125,Pave,0,822,843,2007,Y,TA,Normal,Somerst
70,9084,Pave,1,755,755,1950,Y,Fa,Normal,Edwards
60,8750,Pave,0,909,807,1996,Y,TA,Normal,CollgCr
50,10320,Pave,0,756,713,1995,Y,TA,Normal,IDOTRR
20,10437,Pave,1,2113,0,1995,Y,TA,Normal,NoRidge
160,1680,Pave,0,525,567,1971,Y,TA,Family,BrDale
20,10007,Pave,1,1053,0,2006,Y,TA,Normal,NAmes
70,7200,Pave,0,851,651,2000,Y,TA,Normal,Crawfor
50,17503,Pave,0,912,546,1950,Y,TA,Abnorml,NAmes
20,9937,Pave,1,1486,0,1999,Y,TA,Normal,Edwards
60,12384,Pave,0,1142,793,1976,Y,TA,Normal,NWAmes
60,46589,Pave,1,1686,762,2005,Y,TA,Normal,NoRidge
20,13560,Pave,1,1392,0,1968,Y,TA,Normal,NAmes
85,10012,Pave,1,1181,0,1972,Y,TA,Normal,Edwards
20,20896,Pave,1,2097,0,2006,Y,TA,Partial,Somerst
60,11194,Pave,0,1454,482,2000,Y,TA,Normal,Gilbert
60,18450,Pave,0,1465,915,1979,Y,TA,Abnorml,NAmes
20,8125,Pave,1,1679,0,1998,Y,TA,Normal,SawyerW
20,14175,Pave,1,1437,0,1987,Y,TA,Normal,Sawyer
30,11600,Pave,0,1180,0,1950,Y,TA,Normal,Crawfor
60,8633,Pave,1,738,738,2005,Y,TA,Normal,CollgCr
70,6629,Pave,1,697,672,1950,N,TA,Normal,Edwards
20,11250,Pave,1,1208,0,1977,Y,TA,Normal,Veenker
20,14442,Pave,1,1839,0,2004,Y,TA,Normal,Crawfor
20,9200,Pave,1,1136,0,1965,Y,TA,Normal,NAmes
160,2289,Pave,0,855,586,1978,Y,TA,Normal,NPkVill
70,9600,Pave,1,1095,679,1950,N,Fa,Normal,OldTown
30,9022,Pave,0,792,0,2006,Y,Fa,Normal,OldTown
20,11844,Pave,0,2046,0,2008,Y,TA,Partial,StoneBr
20,9945,Pave,1,988,0,1961,Y,TA,Normal,Sawyer
120,8012,Pave,0,923,0,1980,Y,TA,Normal,SawyerW
50,4500,Pave,0,848,672,2000,Y,TA,Abnorml,SWISU
120,2887,Pave,1,1291,0,1997,Y,TA,Normal,ClearCr
20,11248,Pave,1,1668,0,2002,Y,TA,Normal,CollgCr
60,16770,Pave,0,1195,644,1998,Y,TA,Normal,NoRidge
160,5062,Pave,1,1190,900,1984,Y,TA,Normal,StoneBr
60,10207,Pave,0,874,887,2007,Y,TA,Partial,Somerst
160,5105,Pave,0,551,551,2004,Y,TA,Normal,Somerst
20,8089,Pave,1,1419,0,2007,Y,TA,Partial,StoneBr
120,7577,Pave,0,1362,0,2006,Y,TA,Normal,NridgHt
120,4426,Pave,1,848,0,2004,Y,TA,Normal,CollgCr
60,21535,Pave,0,2444,1872,1995,Y,TA,Normal,NoRidge
60,26178,Pave,1,1238,1281,1990,Y,TA,Normal,Timber
30,5400,Pave,0,1073,0,1968,Y,TA,Abnorml,OldTown
50,6120,Pave,0,1067,472,1950,Y,TA,Normal,BrkSide
20,13811,Pave,1,1137,0,1987,Y,TA,Normal,Timber
30,6000,Pave,0,616,0,1950,Y,TA,Normal,BrkSide
20,6420,Pave,0,1148,0,1952,Y,TA,Normal,Edwards
20,8450,Pave,1,894,0,2009,Y,TA,Normal,Sawyer
120,4282,Pave,0,1391,0,2004,Y,TA,Normal,Somerst
20,14331,Pave,1,1800,0,2002,Y,TA,Normal,Timber
20,9600,Pave,0,1164,0,1969,Y,TA,Normal,NWAmes
60,12438,Pave,0,1264,1312,2006,Y,TA,Partial,StoneBr
190,7630,Pave,0,1032,780,1996,Y,TA,Normal,OldTown
20,8400,Pave,1,1484,0,2005,Y,TA,Normal,CollgCr
190,5600,Pave,0,372,720,1950,N,,Normal,IDOTRR
20,115149,Pave,1,1824,0,2002,Y,TA,Normal,ClearCr
120,6240,Pave,1,1324,0,2006,Y,TA,Normal,NridgHt
60,9018,Pave,0,728,728,2007,Y,TA,Partial,Gilbert
20,7162,Pave,0,904,0,1966,Y,TA,Abnorml,Sawyer
30,4130,Pave,0,729,0,2003,Y,,Normal,BrkSide
50,8712,Pave,0,859,319,1950,Y,TA,Abnorml,IDOTRR
120,4671,Pave,1,1228,0,1989,Y,TA,Normal,StoneBr
190,9873,Pave,1,960,0,1970,N,TA,Normal,BrkSide
60,13517,Pave,0,725,754,2005,Y,TA,Normal,Sawyer
20,10140,Pave,0,1350,0,1974,Y,TA,Normal,NWAmes
70,10800,Pave,0,1576,978,1998,Y,TA,Normal,OldTown
20,10000,Pave,0,1178,0,2000,Y,TA,Normal,NWAmes
60,10542,Pave,1,1325,1093,1994,Y,TA,Normal,NoRidge
20,9920,Pave,0,971,0,1969,Y,TA,Normal,CollgCr
120,6563,Pave,1,1742,0,1985,Y,TA,Normal,StoneBr
120,4426,Pave,1,848,0,2004,Y,TA,Normal,CollgCr
20,8120,Pave,0,864,0,1970,Y,TA,Normal,NAmes
50,8172,Pave,0,997,473,1972,Y,TA,Normal,Edwards
20,13286,Pave,1,1698,0,2008,Y,TA,Normal,Edwards
20,6960,Pave,0,864,0,1970,Y,TA,Normal,NAmes
20,21695,Pave,1,1680,0,2007,Y,TA,Normal,Crawfor
20,7314,Pave,1,1232,0,2007,Y,TA,Normal,CollgCr
90,11475,Pave,1,1776,0,1958,Y,TA,Abnorml,NAmes
30,6240,Pave,0,848,0,1950,Y,TA,Normal,IDOTRR
120,5389,Pave,1,1616,0,1996,Y,TA,Normal,StoneBr
80,9590,Pave,1,1146,0,2003,Y,TA,Normal,Timber
60,11404,Pave,0,1153,878,1999,Y,TA,Normal,CollgCr
20,10000,Pave,1,1144,0,1983,Y,TA,Normal,Sawyer
20,8978,Pave,0,948,0,1968,Y,TA,Family,Sawyer
75,10800,Pave,0,880,888,1970,N,TA,Normal,OldTown
90,8544,Pave,0,1040,0,1950,N,TA,Normal,NAmes
60,10463,Pave,0,901,900,2005,Y,TA,Normal,Gilbert
90,10800,Pave,3,1200,0,1988,Y,,Alloca,Edwards
60,9313,Pave,0,864,864,2004,Y,TA,Normal,CollgCr
70,9600,Pave,0,768,664,2002,Y,TA,Abnorml,OldTown
20,6768,Pave,1,912,0,1996,Y,TA,Normal,Sawyer
20,8450,Pave,0,1349,0,2001,Y,TA,Normal,SawyerW
80,12886,Pave,0,1464,0,1999,Y,TA,Normal,Sawyer
120,5395,Pave,1,1337,0,1993,Y,TA,Normal,StoneBr
60,8963,Pave,0,1175,1540,1996,Y,TA,Normal,NWAmes
60,8795,Pave,0,980,1276,2000,Y,TA,Normal,Gilbert
70,11700,Pave,0,1320,1320,2003,N,TA,Normal,OldTown
20,10593,Pave,1,1720,0,1996,Y,TA,Normal,NoRidge
50,8405,Pave,0,1088,441,1950,N,TA,Normal,Edwards
50,8800,Pave,0,792,348,2004,Y,,Normal,OldTown
60,7750,Pave,0,660,660,2003,Y,TA,Normal,Gilbert
20,9236,Pave,1,1494,0,1997,Y,TA,Normal,CollgCr
60,10240,Pave,0,1038,1060,2005,Y,TA,Normal,NridgHt
20,7930,Pave,1,1026,0,2005,Y,TA,Normal,NAmes
160,3230,Pave,0,742,729,1999,Y,TA,Normal,Somerst
60,10769,Pave,0,866,902,2007,Y,TA,Normal,CollgCr
60,11616,Pave,0,672,714,1978,Y,TA,Abnorml,Sawyer
160,2280,Pave,0,757,744,1999,Y,TA,Normal,Somerst
60,12257,Pave,0,1328,1203,1995,Y,TA,Normal,NoRidge
20,9100,Pave,0,864,0,1959,Y,Ex,Normal,NAmes
30,6911,Pave,0,1301,0,1950,Y,TA,Normal,BrkSide
60,8640,Pave,0,764,783,2009,Y,TA,Normal,Somerst
60,9430,Pave,1,1268,1097,1999,Y,TA,Normal,NoRidge
120,9549,Pave,1,1494,0,1996,Y,TA,Normal,Veenker
20,14587,Pave,0,1506,0,2008,Y,TA,Partial,Somerst
60,10421,Pave,0,980,734,1988,Y,TA,Normal,NWAmes
50,12508,Pave,1,983,767,1985,Y,TA,Normal,Mitchel
20,9100,Pave,0,1836,0,2005,Y,TA,Normal,CollgCr
60,53504,Pave,1,1690,1589,2003,Y,TA,Normal,StoneBr
85,7252,Pave,1,858,0,1982,Y,TA,Normal,Sawyer
20,8877,Pave,0,1220,0,1951,Y,TA,Normal,Edwards
80,7819,Pave,1,1117,0,1976,Y,TA,Abnorml,Edwards
20,10150,Pave,0,912,0,1958,Y,TA,Normal,NAmes
20,14226,Pave,0,1973,0,2006,Y,TA,Partial,NridgHt
120,4500,Pave,1,1204,0,1998,Y,TA,Normal,Mitchel
20,11210,Pave,0,1614,0,2006,Y,TA,Partial,CollgCr
20,13350,Pave,1,894,0,1974,Y,TA,Normal,Sawyer
90,8400,Pave,0,2020,0,1977,Y,TA,Normal,SawyerW
90,10530,Pave,1,1004,0,1977,Y,TA,Normal,Mitchel
20,7875,Pave,0,1253,0,1996,Y,TA,Normal,Gilbert
60,7153,Pave,0,810,793,1992,Y,TA,Normal,SawyerW
20,16285,Pave,0,1430,0,2002,Y,TA,Normal,CollgCr
85,9101,Pave,1,1110,0,1978,Y,TA,Normal,Mitchel
75,6300,Pave,0,742,742,2001,Y,,Normal,OldTown
20,9790,Pave,0,1342,0,1967,Y,TA,Normal,NWAmes
50,10800,Pave,1,966,686,1950,Y,TA,Normal,OldTown
60,10142,Pave,1,956,1128,2004,Y,TA,Normal,SawyerW
20,6000,Pave,0,901,0,2000,Y,Fa,Normal,OldTown
60,12205,Pave,0,976,1111,2007,Y,TA,Normal,ClearCr
120,3182,Pave,0,1145,0,2006,Y,TA,Normal,Blmngtn
80,11333,Pave,1,1062,0,1976,Y,TA,Normal,Mitchel
60,9920,Pave,1,1127,886,1997,Y,TA,Normal,NoRidge
20,9158,Pave,0,1496,0,2007,Y,TA,Partial,Somerst
60,10832,Pave,0,1086,809,1996,Y,TA,Normal,Gilbert
60,8400,Pave,0,888,676,1981,Y,TA,Normal,SawyerW
20,8197,Pave,0,1285,0,1977,Y,TA,Normal,Sawyer
20,7677,Pave,0,773,0,1953,Y,TA,Abnorml,NAmes
60,13518,Pave,0,1966,1174,2009,Y,TA,Partial,NridgHt
50,7200,Pave,1,981,787,1950,Y,TA,Normal,SWISU
60,12798,Pave,1,616,1072,1997,Y,TA,Normal,ClearCr
30,4800,Pave,1,1196,0,1990,Y,TA,Normal,IDOTRR
60,8199,Pave,1,728,728,2005,Y,TA,Normal,CollgCr
60,13891,Pave,0,1734,1088,2009,Y,TA,Partial,NridgHt
20,9000,Pave,0,1128,0,1954,Y,TA,Family,NAmes
20,12274,Pave,0,1428,0,2008,Y,TA,Partial,Somerst
80,9750,Pave,0,980,0,1967,Y,TA,Normal,NAmes
70,21384,Pave,2,1072,504,2004,Y,TA,Normal,BrkSide
80,13400,Pave,1,1086,0,1966,Y,TA,Normal,NAmes
75,8100,Pave,0,1075,1063,1965,N,Fa,Normal,OldTown
20,10140,Pave,1,1309,0,1999,Y,TA,Normal,NWAmes
120,4438,Pave,1,848,0,2004,Y,TA,Normal,CollgCr
20,8712,Grvl,0,1044,0,1952,N,TA,Alloca,IDOTRR
20,9750,Pave,0,1442,0,1958,Y,TA,Normal,NAmes
50,8248,Pave,0,686,564,1950,Y,TA,Normal,Edwards
20,12137,Pave,0,1661,0,1998,Y,TA,Normal,CollgCr
20,11425,Pave,0,1008,0,1954,Y,TA,Normal,NAmes
20,13265,Pave,1,1689,0,2002,Y,TA,Normal,Mitchel
80,8816,Pave,1,1052,0,1971,Y,TA,Normal,ClearCr
120,6371,Pave,1,1358,0,2010,Y,TA,Partial,NridgHt
60,7226,Pave,0,798,842,2003,Y,TA,Normal,CollgCr
20,6000,Pave,0,936,0,1953,N,TA,Normal,OldTown
60,12394,Pave,0,847,886,2003,Y,TA,Family,Gilbert
50,9900,Pave,0,944,545,1950,Y,TA,Normal,SWISU
20,11216,Pave,0,1489,0,2006,Y,TA,Partial,Somerst
20,14803,Pave,1,2084,0,2008,Y,TA,Partial,NridgHt
45,6130,Pave,1,784,0,1950,Y,,Normal,BrkSide
20,8529,Pave,0,1434,0,2001,Y,TA,Normal,SawyerW
60,28698,Pave,0,1160,966,1967,Y,TA,Abnorml,ClearCr
160,2544,Pave,0,520,623,2005,Y,TA,Normal,Somerst
20,11900,Pave,1,1392,0,1957,Y,TA,Normal,NAmes
160,3180,Pave,0,520,600,2005,Y,TA,Normal,Somerst
60,9548,Pave,1,941,888,2003,Y,TA,Normal,CollgCr
20,10004,Pave,0,1516,0,1964,Y,TA,Normal,NAmes
20,7875,Pave,1,1144,0,1961,Y,TA,Normal,NAmes
20,9600,Pave,0,1067,0,1995,Y,TA,Normal,Sawyer
30,8100,Pave,1,1559,0,1973,Y,TA,Normal,OldTown
160,1680,Pave,1,483,504,1973,Y,TA,Normal,BrDale
20,9525,Pave,0,1099,0,2006,Y,TA,Normal,CollgCr
50,11767,Pave,0,768,432,1995,Y,TA,Normal,Edwards
70,12155,Pave,0,810,672,1950,N,TA,Normal,SWISU
70,10440,Pave,0,958,581,2002,Y,Gd,Normal,OldTown
80,9020,Pave,1,1165,0,1966,Y,Gd,Normal,NAmes
90,8000,Pave,0,1800,0,1961,N,,Normal,NAmes
50,12665,Pave,0,876,540,1950,Y,TA,Normal,OldTown
85,16647,Pave,1,1701,0,1981,Y,TA,Normal,Sawyer
60,9317,Pave,1,1006,769,1993,Y,TA,Normal,SawyerW
20,15523,Pave,1,864,0,1972,Y,TA,Normal,CollgCr
50,45600,Pave,0,1307,1051,1997,Y,Fa,Normal,ClearCr
80,9600,Pave,0,1094,761,1994,Y,TA,Normal,Veenker
120,4435,Pave,1,848,0,2003,Y,TA,Normal,CollgCr
120,3196,Pave,0,1456,0,2003,Y,TA,Normal,Blmngtn
75,7128,Pave,0,918,728,1950,Y,TA,Normal,Crawfor
80,12095,Pave,0,1445,0,1964,Y,TA,Normal,NAmes
20,17920,Pave,1,1779,0,1974,Y,TA,Abnorml,Sawyer
20,6897,Pave,1,1040,0,2010,Y,TA,Normal,Sawyer
80,10970,Pave,1,1026,0,1978,Y,TA,Normal,CollgCr
60,8125,Pave,0,702,779,1995,Y,TA,Normal,Gilbert
20,10400,Pave,0,1370,0,1976,Y,TA,Family,NWAmes
60,11029,Pave,1,1512,1142,1984,Y,TA,Normal,NWAmes
50,7642,Pave,0,912,514,1998,Y,TA,Normal,Crawfor
190,11625,Pave,1,1039,0,1965,Y,TA,Normal,Sawyer
20,9672,Pave,0,1097,0,1985,Y,TA,Normal,SawyerW
20,7931,Pave,1,1148,0,1959,Y,TA,Normal,NAmes
20,8640,Pave,0,1372,0,2008,Y,TA,Partial,Somerst
20,8750,Pave,1,1002,0,1970,Y,TA,Normal,NAmes
20,10656,Pave,0,1646,0,2007,Y,TA,Partial,Timber
20,6970,Pave,1,1120,0,1961,Y,TA,Normal,Sawyer
60,14762,Pave,0,1547,720,1950,Y,TA,Normal,Gilbert
60,9938,Pave,1,1062,887,1994,Y,TA,Normal,SawyerW
20,6600,Pave,0,894,0,1962,N,TA,Normal,NAmes
60,8750,Pave,0,804,878,1998,Y,TA,Normal,CollgCr
20,8892,Pave,0,910,0,1996,Y,TA,Normal,NAmes
40,12144,Pave,0,1036,0,1950,Y,TA,Normal,NAmes
50,5720,Pave,0,676,455,1950,Y,TA,Abnorml,OldTown
60,9000,Pave,0,1184,1426,2007,Y,TA,Partial,Somerst
20,25286,Pave,1,1040,0,1963,Y,TA,Normal,Mitchel
60,8834,Pave,1,1462,762,2005,Y,TA,Normal,NridgHt
85,11782,Pave,1,1155,0,1995,Y,TA,Normal,Sawyer
20,7000,Pave,1,864,0,2005,Y,TA,Normal,CollgCr
20,7024,Pave,1,1090,0,2006,Y,TA,Normal,Edwards
50,13758,Pave,0,1187,530,1991,Y,TA,Normal,Timber
60,9636,Pave,0,808,785,1993,Y,TA,Normal,Gilbert
75,6204,Pave,1,954,795,1950,N,TA,Normal,SWISU
20,7150,Pave,0,892,0,1967,Y,TA,Normal,NAmes
120,5119,Pave,1,1709,0,2000,Y,TA,Abnorml,Somerst
90,8393,Pave,0,1712,0,2005,Y,TA,Family,NAmes
50,16466,Pave,0,872,521,1955,Y,TA,Normal,Edwards
20,15865,Pave,1,2217,0,1970,Y,TA,Normal,NAmes
20,12160,Pave,1,1505,0,1953,Y,TA,Normal,NAmes
50,8064,Pave,0,672,252,2006,Y,TA,Normal,NAmes
60,11184,Pave,0,918,765,1978,Y,TA,Normal,Sawyer
20,8414,Pave,0,1068,0,2003,Y,TA,Normal,Sawyer
20,13284,Pave,1,1383,0,1954,Y,TA,Normal,Sawyer
90,7018,Pave,0,1535,0,1979,Y,TA,Alloca,SawyerW
60,7056,Pave,1,983,813,1963,Y,TA,Normal,NAmes
30,8765,Pave,0,951,0,1950,N,TA,Abnorml,IDOTRR
90,7018,Pave,0,1120,1120,1979,Y,TA,Alloca,SawyerW
20,12919,Pave,1,2364,0,2010,Y,TA,Partial,NridgHt
20,6993,Pave,0,1236,0,1994,Y,TA,Normal,Sawyer
20,7340,Pave,0,858,0,1971,Y,TA,Normal,NAmes
20,8712,Pave,1,1306,0,2000,Y,TA,Normal,NAmes
60,7875,Pave,0,807,702,2003,Y,TA,Normal,Gilbert
20,14859,Pave,0,1670,0,2006,Y,TA,Partial,Gilbert
20,6173,Pave,0,902,0,1967,Y,TA,Normal,Sawyer
20,9920,Pave,1,1063,0,1954,Y,TA,Normal,NAmes
20,13501,Pave,1,1636,0,2006,Y,TA,Normal,Somerst
50,11500,Pave,0,1020,1037,1987,Y,Fa,Normal,Crawfor
20,8885,Pave,1,902,0,1983,Y,TA,Normal,Mitchel
60,12589,Pave,0,742,742,2005,Y,TA,Normal,Gilbert
90,11600,Pave,0,1105,1169,1960,Y,TA,Normal,NAmes
20,9286,Pave,0,1268,0,1989,Y,TA,Normal,CollgCr
30,6120,Pave,0,1015,0,1950,N,TA,Abnorml,BrkSide
90,6270,Pave,0,1001,1001,1950,N,TA,Normal,Crawfor
160,3000,Pave,0,612,612,2009,Y,TA,Partial,Somerst
160,2001,Pave,0,546,546,1970,Y,TA,Normal,MeadowV
20,9000,Pave,1,480,0,1950,N,TA,Abnorml,IDOTRR
20,17140,Pave,0,1229,0,1956,Y,TA,Normal,Edwards
60,13125,Pave,1,912,1215,1991,Y,TA,Normal,SawyerW
20,11029,Pave,1,1414,0,2002,Y,TA,Normal,NAmes
60,8462,Pave,0,936,785,1994,Y,TA,Normal,SawyerW
90,8777,Pave,2,1272,928,2003,Y,,Normal,Edwards
20,10237,Pave,0,1316,0,2006,Y,TA,Partial,Gilbert
120,8012,Pave,1,1617,0,1994,Y,TA,Normal,SawyerW
20,10240,Pave,1,1686,0,1980,Y,TA,Normal,NWAmes
20,15611,Pave,0,1126,0,1977,Y,TA,Abnorml,NWAmes
60,11999,Pave,0,1234,1140,2004,Y,TA,Normal,NridgHt
60,9900,Pave,0,1098,880,1968,Y,TA,Normal,NWAmes
20,11838,Pave,0,1788,0,2001,Y,TA,Normal,CollgCr
60,13006,Pave,0,993,1243,1997,Y,TA,Normal,Gilbert
20,8925,Pave,0,1466,0,2007,Y,TA,Normal,Timber
20,9100,Pave,0,925,0,1965,Y,TA,Normal,NAmes
20,11670,Pave,0,1905,0,2006,Y,TA,Normal,Somerst
20,8487,Pave,0,1500,0,2004,Y,TA,Normal,CollgCr
20,27650,Pave,1,2069,0,2007,Y,TA,Normal,NAmes
30,5825,Pave,0,747,0,1953,Y,TA,Normal,BrkSide
20,10083,Pave,1,1200,0,2003,Y,TA,Normal,SawyerW
60,9675,Pave,0,1113,858,2005,Y,TA,Normal,Somerst
60,8760,Pave,0,1391,571,2006,Y,TA,Partial,CollgCr
70,24090,Pave,0,1207,1196,1950,Y,TA,Normal,ClearCr
90,12640,Pave,0,1728,0,1976,Y,TA,Normal,Mitchel
60,8755,Pave,1,1022,1038,1999,Y,TA,Normal,Gilbert
90,7711,Pave,2,1440,0,1977,Y,,Abnorml,Edwards
90,25000,Pave,0,1632,0,1967,Y,TA,Normal,Mitchel
20,14375,Pave,0,1344,0,1958,Y,TA,Abnorml,Timber
50,8820,Pave,0,1188,561,1996,Y,TA,Normal,OldTown
80,8163,Pave,1,1144,0,1959,Y,TA,Normal,NAmes
20,14536,Pave,1,1629,0,2003,Y,TA,Normal,Timber
60,14006,Pave,0,936,840,2002,Y,TA,Normal,CollgCr
20,9360,Pave,1,1381,0,2006,Y,TA,Normal,NWAmes
20,7200,Pave,1,864,0,2002,Y,TA,Normal,NAmes
20,7800,Pave,1,965,0,1965,Y,TA,Abnorml,SawyerW
85,7200,Pave,0,768,0,2003,Y,TA,Normal,CollgCr
60,11075,Pave,0,1168,800,1969,Y,TA,Normal,Mitchel
90,9400,Pave,0,980,0,1975,Y,,AdjLand,Edwards
90,7136,Pave,0,979,979,1950,N,TA,Normal,Crawfor
160,1300,Pave,0,561,668,1980,Y,TA,Normal,Blueste
20,7420,Pave,0,1057,0,1962,Y,TA,Normal,Sawyer
20,8450,Pave,1,1337,0,2003,Y,TA,Normal,CollgCr
160,2572,Pave,1,696,720,1999,Y,TA,Normal,Somerst
20,7207,Pave,1,858,0,2008,Y,,Normal,BrkSide
60,12227,Pave,1,1542,1330,1995,Y,TA,Normal,NWAmes
160,2308,Pave,1,804,744,1976,Y,TA,Normal,NPkVill
20,11923,Pave,0,1800,0,2007,Y,TA,Normal,CollgCr
60,11316,Pave,1,824,1070,2003,Y,TA,Normal,Timber
60,10237,Pave,0,783,701,2007,Y,TA,Partial,Gilbert
50,9600,Pave,1,976,332,1950,Y,TA,Normal,Crawfor
20,7390,Pave,1,1098,0,1955,Y,TA,Normal,NAmes
50,5925,Pave,0,600,368,1950,N,,Abnorml,OldTown
190,10382,Pave,1,1095,0,1958,Y,TA,Normal,NAmes
50,10800,Pave,0,720,472,1950,N,,Abnorml,NAmes
160,2268,Pave,0,764,862,2004,Y,TA,Normal,NridgHt
120,7892,Pave,0,918,0,1979,Y,TA,Normal,SawyerW
20,11639,Pave,0,1428,0,2008,Y,TA,Partial,Somerst
70,11414,Pave,0,1136,883,1993,N,TA,Normal,BrkSide
160,2651,Pave,1,673,709,2000,Y,TA,Normal,Somerst
30,5900,Pave,0,869,0,1958,Y,,Normal,BrkSide
120,4274,Pave,1,1241,0,2007,Y,TA,Partial,Somerst
20,9450,Pave,0,894,0,1954,Y,TA,Abnorml,Edwards
20,8816,Pave,1,1121,0,1963,Y,TA,Normal,Sawyer
85,12122,Pave,1,999,0,2007,Y,TA,Normal,NAmes
60,12203,Pave,1,1276,1336,1999,Y,TA,Normal,NoRidge
20,3182,Pave,0,1266,0,2007,Y,TA,Normal,Blmngtn
60,11250,Pave,0,1149,1141,2002,Y,TA,Normal,CollgCr
90,10125,Pave,0,1302,432,1977,Y,TA,Normal,Mitchel
190,10880,Pave,1,1164,0,1950,N,TA,Normal,Edwards
50,5310,Pave,0,1001,634,2003,Y,Fa,Normal,OldTown
20,10159,Pave,1,1940,0,2010,Y,TA,Partial,NridgHt
60,12046,Pave,0,1118,912,1976,Y,TA,Normal,NWAmes
60,8125,Pave,0,778,798,2006,Y,TA,Partial,Somerst
60,9452,Pave,1,1407,985,1998,Y,TA,Normal,NoRidge
70,17671,Pave,0,916,826,1986,Y,TA,Normal,OldTown
60,9760,Pave,0,1020,831,1993,Y,TA,Normal,NAmes
60,8846,Pave,0,750,750,2006,Y,TA,Partial,CollgCr
20,12456,Pave,1,1718,0,2007,Y,TA,Normal,NridgHt
50,4712,Pave,1,774,456,1950,Y,TA,Abnorml,BrkSide
20,10659,Pave,1,1050,0,1961,Y,TA,Normal,NAmes
20,11717,Pave,0,1442,0,1970,Y,TA,Normal,NWAmes
30,9786,Pave,0,1077,0,1950,N,TA,Normal,IDOTRR
20,6762,Pave,1,1208,0,2006,Y,TA,Normal,CollgCr
20,10206,Pave,0,944,0,1952,N,TA,Normal,Edwards
30,5400,Pave,0,691,0,1950,Y,Fa,Abnorml,OldTown
20,11957,Pave,0,1574,0,2006,Y,TA,Normal,Somerst
90,11500,Pave,0,1680,0,1976,Y,TA,Normal,NWAmes
120,3182,Pave,0,1504,0,2006,Y,TA,Normal,Blmngtn
80,8385,Pave,0,985,0,1977,Y,TA,Normal,CollgCr
20,12155,Pave,0,1657,0,1970,Y,TA,Normal,NAmes
160,2217,Pave,0,546,546,1970,Y,TA,Normal,MeadowV
20,12118,Pave,0,1710,0,2005,Y,TA,Normal,Mitchel
50,6000,Pave,0,1008,0,1950,Y,,Normal,SWISU
50,21286,Pave,0,720,551,1950,Y,TA,Normal,Sawyer
90,9825,Pave,0,1664,0,1965,N,,Normal,Edwards
70,10592,Pave,0,900,602,1996,Y,TA,Normal,Crawfor
30,7200,Pave,1,1022,0,2006,N,TA,Normal,OldTown
20,11664,Pave,0,1082,0,1950,Y,TA,Normal,NAmes
60,8400,Pave,1,810,855,2001,Y,TA,Normal,NWAmes
20,11883,Pave,1,1504,0,1996,Y,TA,Normal,CollgCr
120,5814,Pave,1,1360,0,1984,Y,TA,Abnorml,StoneBr
80,10784,Pave,0,802,670,1992,Y,TA,Normal,Gilbert
120,3013,Pave,0,1506,0,2005,Y,TA,Normal,Blmngtn
20,7024,Pave,1,1132,0,2005,Y,TA,Normal,Edwards
20,7406,Pave,1,1220,0,2006,Y,TA,Partial,CollgCr
50,9439,Pave,0,912,336,1950,Y,Fa,Normal,OldTown
120,3182,Pave,0,1504,0,2006,Y,TA,Normal,Blmngtn
20,15498,Pave,1,2898,0,1976,Y,TA,Abnorml,Timber
20,7700,Pave,1,882,0,1972,Y,TA,Normal,CollgCr
20,9300,Pave,1,1264,0,1960,Y,TA,Normal,NAmes
20,9520,Pave,1,1646,0,2008,Y,TA,Partial,Timber
50,9492,Pave,1,968,408,1950,Y,TA,Normal,NAmes
160,1680,Pave,0,672,546,1972,Y,TA,Normal,BrDale
190,7082,Pave,0,948,980,1995,Y,,Normal,SWISU
75,15863,Pave,1,1687,998,1970,Y,TA,Normal,SWISU
60,14541,Pave,1,1352,1168,1993,Y,TA,Abnorml,NoRidge
20,8125,Pave,1,1654,0,2002,Y,TA,Normal,CollgCr
30,6305,Pave,0,954,0,1950,Y,Fa,Normal,Crawfor
20,11500,Pave,0,845,0,1957,N,TA,Normal,Edwards
20,12898,Pave,1,1620,0,2008,Y,TA,Normal,Timber
60,9240,Pave,0,1055,1208,2002,Y,TA,Normal,CollgCr
160,1533,Pave,0,798,546,2008,Y,,Normal,MeadowV
180,1477,Pave,1,630,0,1970,Y,TA,Normal,MeadowV
20,13125,Pave,1,1803,0,2000,Y,TA,Normal,Sawyer
60,9130,Pave,0,800,832,2000,Y,TA,Normal,NWAmes
120,5381,Pave,1,1306,0,2005,Y,TA,Normal,NridgHt
60,11839,Pave,1,1532,797,1990,Y,TA,Normal,SawyerW
20,9600,Pave,1,2524,0,1981,Y,TA,Normal,NWAmes
20,13680,Pave,0,1733,0,1955,Y,TA,Normal,Edwards
60,16056,Pave,0,1992,876,2006,Y,TA,Partial,StoneBr
20,9245,Pave,0,990,0,1995,Y,TA,Normal,CollgCr
20,21750,Pave,0,1771,0,2006,Y,TA,Normal,Mitchel
20,11100,Pave,0,930,0,2006,Y,TA,Abnorml,Edwards
20,8993,Pave,0,1302,0,2007,Y,TA,Partial,Gilbert
20,11175,Pave,0,1316,0,2007,Y,TA,Partial,CollgCr
60,9500,Pave,0,1127,850,1978,Y,TA,Normal,NAmes
20,8562,Pave,0,1526,0,2002,Y,TA,Normal,Edwards
60,11367,Pave,1,1091,898,2002,Y,TA,Normal,CollgCr
20,11361,Pave,0,1523,0,1976,Y,TA,Abnorml,NWAmes
120,7052,Pave,1,1364,0,2005,Y,TA,Normal,NridgHt
60,29959,Pave,0,979,871,1994,Y,TA,Normal,NoRidge
60,11308,Pave,1,1130,1054,2008,Y,TA,Normal,NridgHt
50,11275,Pave,0,1096,895,1950,Y,TA,Normal,Crawfor
120,4920,Pave,1,1338,0,2001,Y,TA,Normal,StoneBr
30,18000,Grvl,0,894,0,1950,Y,TA,Normal,IDOTRR
190,13600,Pave,0,1422,915,1950,N,TA,Normal,OldTown
30,6000,Pave,0,1103,0,1980,Y,TA,Normal,OldTown
20,11000,Pave,0,1154,0,1966,Y,TA,Normal,NAmes
60,14000,Pave,1,1306,954,1997,Y,TA,Normal,ClearCr
60,7837,Pave,0,799,772,1994,Y,TA,Normal,Gilbert
60,9760,Pave,1,798,813,1964,Y,TA,Normal,NAmes
160,3964,Pave,1,1291,1230,1973,Y,TA,Normal,MeadowV
45,9600,Pave,0,893,0,2003,Y,TA,Normal,NAmes
20,10152,Pave,1,1048,0,1956,Y,TA,Normal,NAmes
60,11700,Pave,0,829,727,1968,Y,TA,Normal,NWAmes
50,7585,Pave,1,1002,454,1950,Y,TA,Normal,Edwards
60,7950,Pave,0,698,728,1977,Y,TA,Normal,Edwards
20,8556,Pave,0,1240,0,2006,Y,TA,Normal,CollgCr
70,13125,Pave,0,960,780,1984,Y,TA,Normal,Crawfor
50,10800,Pave,0,1096,370,1989,Y,TA,Normal,OldTown
20,15870,Pave,1,1096,0,1969,Y,TA,Abnorml,NAmes
120,4435,Pave,1,848,0,2004,Y,TA,Normal,CollgCr
20,8775,Pave,0,990,0,1994,Y,TA,Normal,CollgCr
20,11040,Pave,0,1258,0,2004,Y,TA,Abnorml,NWAmes
20,7500,Pave,1,1040,0,1963,Y,TA,Normal,Sawyer
20,8749,Pave,0,1459,0,2002,Y,TA,Normal,CollgCr
20,8800,Pave,1,1251,0,1964,Y,TA,Normal,NAmes
60,13031,Pave,0,691,807,1996,Y,TA,Normal,Gilbert
85,9069,Pave,1,996,0,1992,Y,TA,Normal,SawyerW
160,1974,Pave,0,546,546,1973,Y,TA,Normal,MeadowV
60,10574,Pave,0,1082,871,2006,Y,TA,Normal,Somerst
160,2522,Pave,0,970,739,2004,Y,TA,Normal,Edwards
120,3316,Pave,1,1247,0,2005,Y,TA,Normal,Somerst
90,8544,Pave,0,1040,0,1950,N,TA,Normal,NAmes
160,2160,Pave,1,624,628,2000,Y,TA,Normal,Somerst
50,8400,Pave,0,1390,304,1950,Y,TA,Normal,SWISU
20,9230,Pave,1,1200,0,1998,Y,TA,Normal,NAmes
20,5868,Pave,1,936,0,2000,Y,TA,Normal,NAmes
20,9317,Pave,0,1314,0,2006,Y,TA,Normal,CollgCr
70,6882,Pave,0,773,582,2006,Y,,Normal,IDOTRR
120,3696,Pave,0,1088,0,1986,Y,TA,Normal,StoneBr
50,6000,Pave,0,757,567,1950,Y,TA,Normal,BrkSide
20,11880,Pave,0,1601,0,1978,Y,TA,Abnorml,NWAmes
30,8400,Pave,0,438,0,1950,N,TA,Normal,SWISU
20,9758,Pave,0,950,0,1971,Y,TA,Normal,NAmes
20,7000,Pave,0,1134,0,2002,Y,TA,Family,NAmes
20,8910,Pave,0,1194,0,1959,Y,TA,Normal,NAmes
160,2016,Pave,0,630,672,1970,Y,TA,Normal,BrDale
60,12256,Pave,1,1500,1122,1995,Y,TA,Normal,NoRidge
20,10357,Pave,1,1442,0,1991,Y,TA,Normal,SawyerW
60,23257,Pave,0,887,1134,2006,Y,TA,Partial,Gilbert
60,8063,Pave,0,948,742,2000,Y,TA,Abnorml,Gilbert
20,11362,Pave,1,1836,0,2005,Y,TA,Normal,NridgHt
60,8000,Pave,1,773,885,1996,Y,TA,Normal,Gilbert
60,10480,Pave,0,1098,866,1976,Y,TA,Normal,NWAmes
20,7100,Pave,1,816,0,1957,Y,TA,Normal,NAmes
20,8923,Pave,1,1008,0,2006,Y,TA,Normal,NAmes
20,5400,Pave,0,833,0,2000,Y,TA,Normal,OldTown
20,12085,Pave,1,1734,0,2007,Y,TA,Partial,NridgHt
80,7750,Pave,1,779,640,2002,Y,TA,Normal,Gilbert
20,9764,Pave,1,894,0,2003,Y,TA,Normal,Sawyer
80,13825,Pave,0,1021,580,1987,Y,TA,Normal,Sawyer
20,7560,Pave,0,1040,0,1959,Y,TA,Normal,NAmes
30,8263,Pave,0,1012,0,1950,Y,TA,Normal,IDOTRR
20,10084,Pave,0,1552,0,2006,Y,TA,Partial,CollgCr
20,8926,Pave,0,960,0,1956,Y,TA,Abnorml,Edwards
20,9405,Pave,0,698,0,2008,Y,,Normal,Edwards
80,9125,Pave,0,812,670,1992,Y,TA,Normal,Gilbert
20,10434,Pave,0,1005,0,1955,Y,Fa,Normal,NAmes
120,3684,Pave,0,1555,0,2007,Y,TA,Normal,Blmngtn
20,14572,Pave,1,1530,0,2004,Y,TA,Family,Gilbert
60,11796,Pave,0,847,1112,2005,Y,TA,Normal,Gilbert
90,7200,Pave,1,936,0,1980,Y,TA,Normal,OldTown
50,7804,Pave,1,1328,653,1950,Y,TA,Normal,SWISU
20,10712,Pave,0,974,0,1992,Y,,Abnorml,Mitchel
70,9900,Pave,0,1178,1032,1950,Y,Fa,Normal,OldTown
60,9828,Pave,0,1142,878,1995,Y,TA,Normal,SawyerW
60,8773,Pave,0,916,684,1997,Y,TA,Normal,Gilbert
30,6180,Pave,0,986,0,1950,N,TA,Normal,BrkSide
50,9600,Pave,0,1032,220,1950,Y,TA,Abnorml,NAmes
50,6342,Pave,0,780,240,1996,N,,Normal,Sawyer
20,9819,Pave,1,1567,0,1977,Y,TA,Normal,Mitchel
30,8731,Pave,0,1167,0,1950,Y,TA,Normal,BrkSide
20,7350,Pave,1,952,0,1951,Y,TA,Abnorml,NAmes
60,10304,Pave,1,1088,780,1976,Y,TA,Normal,NWAmes
60,9965,Pave,1,1466,1362,2007,Y,TA,Partial,CollgCr
20,9000,Pave,0,1006,0,1959,Y,,Normal,Sawyer
190,12180,Pave,1,672,252,1950,N,TA,Normal,Edwards
50,6240,Pave,0,1042,534,1950,Y,TA,Family,BrkSide
20,11200,Pave,1,1298,0,1985,Y,TA,Normal,SawyerW
70,12000,Pave,0,860,704,1950,Y,TA,Normal,Crawfor
50,5700,Pave,0,572,539,1950,Y,TA,Normal,OldTown
70,9000,Pave,0,832,650,1988,Y,TA,Normal,OldTown
20,8280,Pave,0,932,0,1950,Y,TA,Normal,NAmes
20,17755,Pave,0,1466,0,1959,Y,TA,Normal,Edwards
20,14115,Pave,0,1811,0,2004,Y,TA,Abnorml,Crawfor
30,5890,Pave,0,816,0,2007,Y,TA,Normal,IDOTRR
60,13700,Pave,0,902,918,1988,Y,TA,Normal,NAmes
20,10768,Pave,1,1437,0,2004,Y,TA,Normal,Veenker
80,9350,Pave,0,1265,0,1999,Y,TA,Normal,NAmes
120,5001,Pave,1,1314,0,2008,Y,TA,Normal,NridgHt
20,11932,Pave,0,1580,0,2008,Y,TA,Partial,Somerst
60,9120,Pave,0,943,933,1974,Y,Gd,Normal,NWAmes
160,2280,Pave,0,855,601,1978,Y,TA,Normal,NPkVill
20,14778,Pave,1,1640,0,2006,Y,TA,Normal,Crawfor
20,8724,Pave,0,894,0,1968,Y,TA,Normal,Sawyer
90,12900,Pave,2,1258,0,1969,Y,Fa,Alloca,Sawyer
80,16157,Pave,1,1432,0,1978,Y,TA,Normal,Veenker
20,9541,Pave,0,1502,0,2009,Y,TA,Partial,NridgHt
20,10475,Pave,0,1694,0,2008,Y,TA,Normal,CollgCr
60,10852,Pave,1,959,712,2000,Y,TA,Normal,Gilbert
70,13728,Pave,0,1236,872,1986,Y,TA,Normal,Edwards
60,35760,Pave,1,1831,1796,1996,Y,TA,Normal,NoRidge
80,9880,Pave,1,1118,0,1977,Y,TA,Normal,Mitchel
20,9120,Pave,1,1261,0,1958,Y,TA,Normal,NAmes
160,4017,Pave,0,625,625,2007,Y,TA,Normal,Somerst
50,18030,Pave,0,1636,971,1994,Y,,Normal,ClearCr
70,16560,Pave,0,1170,1175,1950,Y,TA,Normal,Crawfor
50,10678,Pave,0,2129,743,2000,Y,TA,Normal,NoRidge
20,6951,Pave,1,923,0,1985,Y,TA,Normal,Mitchel
50,3950,Pave,0,818,406,2004,Y,TA,Normal,OldTown
50,7681,Pave,0,820,523,1950,Y,Fa,Normal,Crawfor
20,8335,Pave,0,1124,0,1954,Y,,Normal,Edwards
60,11170,Pave,0,1298,1216,1991,Y,TA,Normal,Timber
120,5587,Pave,1,1652,0,2008,Y,TA,Partial,Crawfor
60,15623,Pave,1,2411,2065,1996,Y,TA,Abnorml,NoRidge
30,10800,Pave,1,1130,0,1950,Y,TA,Normal,OldTown
20,35133,Grvl,1,1572,0,1963,Y,TA,Normal,Timber
50,9738,Pave,1,949,272,1950,Y,TA,Normal,Edwards
190,10615,Pave,1,1014,685,1970,Y,Fa,Abnorml,OldTown
20,12461,Pave,1,1624,0,1995,Y,TA,Normal,NoRidge
60,8935,Pave,0,831,829,2002,Y,TA,Normal,CollgCr
60,7500,Pave,0,1028,776,1999,Y,TA,Normal,Gilbert
190,32463,Pave,1,1622,0,1975,Y,TA,Normal,Mitchel
160,2645,Pave,0,764,677,2000,Y,TA,Normal,Somerst
50,9600,Pave,0,842,630,1994,Y,TA,Normal,OldTown
120,4500,Pave,1,1224,0,1999,Y,TA,Normal,Mitchel
60,9364,Pave,0,663,689,1969,Y,TA,Normal,Sawyer
60,8029,Pave,0,728,728,2005,Y,TA,Normal,Gilbert
60,14054,Pave,0,879,984,2006,Y,TA,Partial,Gilbert
75,8850,Pave,0,815,875,1950,Y,TA,Normal,OldTown
20,9100,Pave,0,1212,0,2001,Y,TA,Normal,CollgCr
20,11235,Pave,0,1382,0,1979,Y,TA,Normal,Sawyer
20,9353,Pave,0,864,0,1970,Y,TA,Abnorml,NAmes
60,10400,Pave,0,866,913,1998,Y,TA,Normal,CollgCr
50,6000,Pave,1,884,464,1997,Y,TA,Normal,BrkSide
20,9750,Pave,0,1630,0,2001,Y,TA,Normal,CollgCr
20,10140,Pave,1,1074,0,1975,Y,TA,Normal,NWAmes
20,14684,Pave,0,2196,0,1991,Y,TA,Normal,SawyerW
20,8900,Pave,1,1056,0,1966,Y,TA,Normal,SawyerW
20,9135,Pave,1,1700,0,2003,Y,TA,Normal,CollgCr
20,7763,Pave,1,1283,0,1980,Y,TA,Normal,NAmes
20,10182,Pave,1,1660,0,2006,Y,TA,Partial,Somerst
60,11218,Pave,0,1055,790,1992,Y,TA,Normal,SawyerW
50,12134,Pave,0,1080,672,2005,Y,TA,Normal,Gilbert
30,9340,Pave,1,672,0,1950,Y,TA,Normal,Edwards
80,10246,Pave,1,960,0,2001,Y,TA,Normal,Sawyer
85,10205,Pave,1,999,0,1962,Y,TA,Normal,NAmes
20,7094,Pave,0,894,0,1966,Y,TA,Normal,Sawyer
90,8930,Pave,0,1318,584,1978,Y,TA,Normal,Sawyer
20,8640,Pave,1,1314,0,2009,Y,TA,Partial,Somerst
50,6240,Pave,0,672,240,1950,N,,Normal,BrkSide
160,1680,Pave,0,672,546,1971,Y,,Abnorml,BrDale
20,7800,Pave,0,912,0,1964,Y,TA,Abnorml,NAmes
20,8250,Pave,0,1211,0,1968,Y,TA,Normal,Sawyer
50,10496,Pave,0,1168,678,1950,Y,TA,Normal,NAmes
20,10680,Pave,0,2136,0,1951,N,TA,Normal,NAmes
60,15384,Pave,1,788,702,2005,Y,TA,Normal,Gilbert
80,10482,Pave,0,1138,0,1958,Y,TA,Normal,NAmes
60,14598,Pave,0,894,1039,2007,Y,TA,Normal,Somerst
20,8872,Pave,1,912,0,2008,Y,TA,Normal,NAmes
120,8769,Pave,1,1702,0,2008,Y,TA,Partial,NridgHt
80,7910,Pave,0,1507,0,1960,Y,TA,Normal,NAmes
90,18890,Pave,0,1361,1259,1977,Y,TA,Normal,Sawyer
90,7728,Pave,1,1190,0,1962,Y,TA,Normal,NAmes
90,9842,Pave,0,1224,0,1962,Y,TA,Normal,NAmes
20,12160,Pave,1,1188,0,1959,Y,TA,Abnorml,NAmes
70,8525,Pave,0,1024,940,1950,N,,Abnorml,SWISU
70,13132,Pave,0,892,892,1950,Y,Fa,Normal,Crawfor
160,2628,Pave,0,764,862,2003,Y,TA,Normal,NridgHt
60,12393,Pave,0,847,1101,2005,Y,TA,Normal,CollgCr
20,13072,Pave,0,1141,0,2005,Y,TA,Abnorml,SawyerW
20,9037,Pave,0,1484,0,2006,Y,TA,Normal,Timber
60,8158,Pave,1,884,884,2003,Y,TA,Normal,CollgCr
20,9849,Pave,0,1689,0,2007,Y,TA,Partial,Somerst
85,10625,Pave,1,1173,0,1974,Y,TA,Family,NWAmes
20,13891,Pave,1,2076,0,2006,Y,TA,Partial,NridgHt
70,11435,Pave,0,792,725,1950,Y,TA,Normal,Crawfor
80,12090,Pave,0,1140,728,2003,Y,TA,Abnorml,NWAmes
60,8125,Pave,0,756,797,2006,Y,TA,Partial,Somerst
80,12328,Pave,1,1034,0,1976,Y,TA,Normal,Mitchel
75,9600,Pave,0,1134,924,1950,N,Fa,Normal,OldTown
20,7200,Pave,0,988,0,1950,Y,TA,Normal,NAmes
20,11160,Pave,1,2110,0,1968,Y,TA,Normal,NAmes
120,3136,Pave,0,1405,0,2003,Y,TA,Normal,NridgHt
20,9858,Pave,1,874,0,1968,Y,TA,Normal,Mitchel
60,17542,Pave,1,1516,651,2003,Y,TA,Normal,Veenker
60,6931,Pave,0,760,896,2004,Y,TA,Normal,Edwards
50,6240,Pave,0,959,408,1950,Y,TA,Normal,BrkSide
20,14303,Pave,1,1987,0,1994,Y,TA,Normal,NoRidge
30,4060,Pave,0,864,0,1950,Y,,Normal,Edwards
80,9587,Pave,1,1166,0,2005,Y,TA,Normal,Gilbert
20,9750,Pave,1,1054,0,1969,Y,TA,Normal,NAmes
60,24682,Pave,0,892,783,1999,Y,TA,Normal,Gilbert
20,9600,Pave,0,1050,0,1956,Y,TA,Normal,NAmes
50,11250,Pave,1,1104,684,1989,Y,TA,Normal,ClearCr
70,13515,Pave,0,1060,764,1950,Y,TA,Normal,BrkSide
120,4060,Pave,1,1337,0,1999,Y,TA,Abnorml,NAmes
160,3735,Pave,1,713,739,1999,Y,TA,Normal,Somerst
190,10120,Pave,0,964,925,1950,N,TA,Normal,OldTown
20,13214,Pave,0,2018,0,2009,Y,TA,Normal,Timber
50,14100,Pave,0,1968,1479,1997,Y,TA,Normal,Crawfor
50,11344,Pave,0,874,650,1958,Y,TA,Normal,NAmes
40,23595,Pave,2,1332,192,1979,Y,TA,Normal,ClearCr
20,9156,Pave,0,1489,0,1968,Y,TA,Normal,NWAmes
20,13526,Pave,1,935,0,1965,Y,TA,Normal,Sawyer
80,11512,Pave,1,1357,0,2006,Y,TA,Normal,Edwards
50,5362,Pave,0,661,589,2003,Y,TA,Normal,Crawfor
90,11345,Pave,0,928,992,1950,Y,TA,Normal,NAmes
60,12936,Pave,0,735,660,1972,Y,TA,Normal,NWAmes
80,17871,Pave,1,1724,0,1976,Y,TA,Normal,NWAmes
60,9473,Pave,1,1128,903,2002,Y,TA,Normal,CollgCr
50,7500,Pave,0,698,430,1950,Y,TA,Abnorml,IDOTRR
20,9808,Pave,1,1573,0,2002,Y,TA,Normal,CollgCr
20,8049,Pave,1,1339,0,1990,Y,Gd,Normal,Timber
20,8800,Pave,0,1040,0,2008,Y,TA,Normal,CollgCr
90,9400,Pave,0,912,912,1971,Y,,Normal,Mitchel
50,9638,Pave,0,1699,748,1990,Y,TA,Normal,SWISU
50,6000,Pave,0,825,587,1950,Y,TA,Normal,BrkSide
20,9790,Pave,1,1328,0,1963,Y,TA,Normal,NWAmes
20,36500,Pave,0,1582,0,1964,Y,TA,Normal,ClearCr
120,5664,Pave,1,1659,0,2000,Y,TA,Normal,StoneBr
60,11065,Pave,0,1120,850,2006,Y,TA,Partial,NridgHt
80,14112,Pave,1,1152,0,1964,Y,TA,Normal,NAmes
160,1680,Pave,0,630,672,1972,Y,TA,Normal,BrDale
70,6600,Pave,0,1378,994,1965,N,TA,Normal,OldTown
60,10140,Pave,0,832,832,1976,Y,TA,Normal,NWAmes
20,8172,Pave,1,864,0,1990,Y,TA,Normal,Edwards
20,8400,Pave,1,1052,0,1968,Y,TA,Normal,NAmes
20,8700,Pave,1,1128,0,1963,Y,TA,Normal,NAmes
180,3675,Pave,1,1072,0,2006,Y,TA,Partial,Edwards
60,63887,Pave,2,4692,950,2008,Y,TA,Partial,Edwards
20,7500,Pave,1,1246,0,1994,Y,TA,Normal,NAmes
60,10762,Pave,0,1005,978,1999,Y,TA,Normal,Gilbert
70,7500,Pave,0,753,741,1950,Y,TA,Normal,Crawfor
60,10120,Pave,1,1203,1323,1994,Y,TA,Normal,NoRidge
20,8688,Pave,0,1616,0,2005,Y,TA,Normal,Somerst
160,3363,Pave,0,976,732,2004,Y,TA,Normal,Edwards
20,13173,Pave,1,1652,0,2007,Y,TA,Normal,NridgHt
120,6955,Pave,0,1368,0,2006,Y,TA,Partial,NridgHt
20,8072,Pave,1,990,0,1995,Y,TA,Normal,CollgCr
20,12000,Pave,1,1122,0,2005,Y,TA,Normal,OldTown
20,7153,Pave,1,1294,0,1991,Y,TA,Normal,SawyerW
20,17500,Pave,1,1902,0,2002,Y,TA,Normal,Crawfor
20,8814,Pave,1,1274,0,2007,Y,TA,Partial,CollgCr
60,9572,Pave,0,1453,1357,1990,Y,Gd,Normal,NoRidge
60,14774,Pave,0,1422,1177,1999,Y,TA,Normal,NoRidge
20,8190,Pave,1,948,0,1954,Y,TA,Normal,Edwards
60,11075,Pave,0,1092,1020,1969,Y,TA,Normal,NAmes
20,10226,Pave,1,1630,0,2008,Y,TA,Normal,CollgCr
120,4230,Pave,0,1352,0,2007,Y,TA,Partial,Somerst
20,14781,Pave,0,1787,0,2002,Y,TA,Normal,CollgCr
20,10215,Pave,0,948,0,1954,Y,TA,Normal,Edwards
20,8400,Pave,1,1478,0,1957,Y,TA,Normal,NAmes
20,6627,Pave,0,720,0,1950,N,TA,Normal,BrkSide
60,10186,Pave,1,1061,862,1992,Y,TA,Normal,NoRidge
30,5330,Pave,0,708,0,1950,Y,,Normal,BrkSide
20,9986,Pave,0,1795,0,2007,Y,TA,Partial,Somerst
30,3636,Pave,0,796,0,1950,N,,Normal,IDOTRR
30,4270,Pave,0,774,0,2006,Y,,Normal,Edwards
20,6600,Pave,0,816,0,2008,Y,TA,Normal,Mitchel
50,10440,Pave,0,1584,1208,1950,Y,Fa,Normal,OldTown
60,9084,Pave,0,955,677,1998,Y,TA,Normal,Gilbert
20,10000,Pave,0,1588,0,2006,Y,TA,Normal,Somerst
80,10780,Pave,0,954,0,1976,Y,TA,Normal,CollgCr
20,8877,Pave,1,816,0,1958,Y,Fa,Normal,Edwards
50,7200,Pave,0,803,557,1995,Y,TA,Normal,IDOTRR
160,2368,Pave,0,765,600,1970,Y,TA,Normal,BrDale
20,9650,Pave,0,1334,0,1977,Y,TA,Normal,NWAmes
90,9246,Pave,0,1656,0,1973,Y,TA,Normal,NWAmes
30,4118,Pave,0,693,0,1950,N,,Normal,OldTown
60,13450,Pave,1,920,941,2002,Y,TA,Normal,CollgCr
20,9560,Pave,0,864,0,1972,Y,TA,Normal,CollgCr
20,8294,Pave,0,872,0,1971,Y,TA,Normal,NAmes
20,13695,Pave,1,1114,0,2004,Y,TA,Normal,SawyerW
60,9375,Pave,0,1284,885,2002,Y,TA,Normal,CollgCr
50,7558,Pave,0,1172,741,1950,Y,Fa,Normal,Crawfor
60,11103,Pave,0,728,728,2006,Y,TA,Partial,CollgCr
30,6000,Pave,0,960,0,1950,Y,TA,Normal,OldTown
20,20781,Pave,0,2156,0,2003,Y,Gd,Normal,NWAmes
20,15306,Pave,1,1776,0,2007,Y,TA,Partial,Timber
20,16196,Pave,1,1494,0,1998,Y,TA,Normal,SawyerW
70,5250,Pave,0,938,1215,1987,N,,Normal,OldTown
90,11643,Pave,1,1338,1296,1969,Y,TA,Normal,NAmes
60,9247,Pave,0,858,858,1962,Y,TA,Normal,NAmes
50,6000,Pave,0,786,390,2000,Y,TA,Normal,BrkSide
50,14720,Pave,1,2053,1185,1996,Y,TA,Normal,NoRidge
60,10316,Pave,1,992,873,2000,Y,TA,Normal,CollgCr
80,10192,Pave,0,1222,698,1992,Y,TA,Normal,NWAmes
20,9477,Pave,0,892,0,1966,Y,TA,Normal,NAmes
20,12537,Pave,1,1078,0,2008,Y,TA,Normal,NAmes
160,2117,Pave,0,769,804,2000,Y,TA,Normal,Somerst
20,16737,Pave,1,1980,0,2005,Y,TA,Normal,NridgHt
70,9842,Pave,0,990,1611,1998,Y,TA,Normal,SWISU
20,16158,Pave,1,1530,0,2005,Y,TA,Normal,StoneBr
50,12513,Pave,0,1281,457,2007,Y,TA,Normal,NAmes
60,8499,Pave,0,616,796,2007,Y,TA,Partial,Gilbert
160,3180,Pave,0,520,600,2005,Y,TA,Abnorml,Somerst
60,7500,Pave,1,814,860,2000,Y,TA,Normal,Somerst
60,9179,Pave,1,882,908,1999,Y,TA,Abnorml,CollgCr
160,2665,Pave,0,925,550,1977,Y,TA,Normal,MeadowV
120,4435,Pave,1,848,0,2004,Y,TA,Normal,CollgCr
20,10635,Pave,1,1668,0,2003,Y,TA,Normal,CollgCr
50,5400,Pave,0,840,534,1950,Y,TA,Normal,OldTown
80,9600,Pave,1,1661,0,1996,Y,TA,Normal,NAmes
60,9750,Pave,1,1108,989,1998,Y,TA,Normal,CollgCr
20,11400,Pave,1,2633,0,2002,Y,TA,Normal,NoRidge
60,10625,Pave,0,1026,932,2005,Y,TA,Normal,Somerst
20,10991,Pave,0,1571,0,2007,Y,TA,Partial,Timber
30,6292,Pave,0,790,0,1950,N,Fa,Normal,SWISU
50,10998,Pave,0,984,620,1960,Y,TA,Normal,Edwards
160,1953,Pave,0,483,504,1973,Y,TA,Normal,BrDale
80,9735,Pave,0,754,640,2007,Y,TA,Normal,Timber
30,8212,Pave,1,864,0,1950,N,TA,Normal,Edwards
20,12925,Pave,0,2117,0,1970,Y,TA,Normal,NAmes
70,7200,Pave,1,998,764,1950,Y,TA,Normal,OldTown
30,25339,Pave,0,1416,0,2007,Y,TA,Normal,Sawyer
50,9060,Pave,0,698,560,1950,Y,TA,Normal,Edwards
50,5436,Pave,1,796,358,2007,Y,TA,Normal,IDOTRR
60,16692,Pave,1,1392,1392,1978,Y,TA,Normal,NWAmes
50,8520,Pave,0,1664,862,1950,N,TA,Family,OldTown
20,14892,Pave,1,1746,0,2007,Y,TA,Normal,Gilbert
50,6000,Pave,0,869,349,1950,Y,TA,Normal,BrkSide
20,9100,Pave,1,1525,0,2000,Y,TA,Normal,CollgCr
90,8944,Pave,0,1584,0,1967,Y,TA,Normal,NAmes
85,7838,Pave,1,900,0,1967,Y,TA,Normal,NAmes
190,10800,Pave,0,1221,691,2000,N,Gd,Normal,OldTown
120,4045,Pave,1,1500,0,2006,Y,TA,Partial,Blmngtn
60,12665,Pave,0,1133,1349,2006,Y,TA,Normal,Timber
20,57200,Pave,1,1687,0,1950,Y,TA,Normal,Timber
70,6120,Pave,0,939,574,2004,Y,Fa,Normal,BrkSide
50,7200,Pave,1,1136,768,1982,Y,TA,Normal,NAmes
50,6171,Pave,0,1160,448,1990,Y,Fa,Normal,SWISU
50,6000,Pave,0,950,208,1950,Y,TA,Normal,BrkSide
60,7415,Pave,1,864,729,2004,Y,TA,Normal,Gilbert
20,6762,Pave,0,1294,0,2006,Y,TA,Partial,CollgCr
20,15256,Pave,1,1464,0,2007,Y,TA,Normal,Somerst
50,10410,Pave,0,694,520,1950,Y,TA,Family,OldTown
120,3842,Pave,1,1646,0,2005,Y,TA,Normal,Crawfor
85,8445,Pave,1,768,0,2007,Y,TA,Normal,CollgCr
20,8780,Pave,1,833,0,1985,Y,,Normal,Mitchel
70,7740,Pave,0,741,622,1950,Y,TA,Normal,OldTown
60,20544,Pave,0,1236,857,1991,Y,TA,Normal,NWAmes
60,12420,Pave,1,944,896,2001,Y,TA,Normal,CollgCr
50,9600,Pave,0,1112,556,2005,Y,TA,Normal,NAmes
90,7200,Pave,0,1040,0,1950,N,TA,Normal,NAmes
20,10994,Pave,1,1844,0,2006,Y,TA,Abnorml,SawyerW
50,13053,Pave,0,1053,795,2000,Y,TA,Normal,BrkSide
120,3635,Pave,0,1569,0,2007,Y,TA,Normal,Blmngtn
190,11340,Pave,0,1246,1044,1950,Y,TA,Normal,OldTown
60,16545,Pave,1,1310,1140,1998,Y,TA,Normal,NoRidge
20,9204,Pave,1,1144,0,1963,Y,TA,Normal,NAmes
20,16381,Pave,1,1844,0,1969,Y,TA,Normal,Crawfor
60,11700,Pave,0,708,708,1968,Y,TA,Normal,NWAmes
120,4043,Pave,0,1069,0,1977,Y,TA,Normal,NPkVill
120,4435,Pave,1,848,0,2003,Y,TA,Normal,CollgCr
80,19690,Pave,0,1575,626,1966,Y,Gd,Alloca,Edwards
20,9503,Pave,1,1344,0,1983,Y,TA,Normal,NAmes
20,10721,Pave,0,1252,0,1959,Y,TA,Normal,NAmes
60,10944,Pave,1,1223,904,1994,Y,TA,Normal,NoRidge
50,10930,Pave,1,1048,510,1950,Y,TA,Normal,NAmes
30,7200,Pave,1,804,0,1992,Y,TA,Abnorml,OldTown
20,12546,Pave,0,1440,0,1981,Y,TA,Normal,NWAmes
60,21930,Pave,0,734,1104,2005,Y,TA,Normal,Gilbert
120,4928,Pave,0,958,0,1976,Y,TA,Normal,NPkVill
30,10800,Pave,0,968,0,2007,Y,Fa,Normal,OldTown
60,10261,Pave,1,962,830,2000,Y,TA,Normal,Gilbert
20,17400,Pave,1,1126,0,1977,Y,TA,Normal,Mitchel
20,8400,Pave,1,1537,0,2005,Y,TA,Abnorml,NAmes
20,9000,Pave,0,864,0,1971,Y,TA,Normal,NAmes
20,12444,Pave,1,1932,0,2008,Y,TA,Partial,NridgHt
20,7407,Pave,1,1236,0,1996,Y,TA,Normal,OldTown
60,11584,Pave,0,1040,685,1979,Y,TA,Normal,NWAmes
70,11526,Pave,0,1423,748,1994,Y,TA,Normal,Crawfor
120,4426,Pave,1,848,0,2004,Y,TA,Normal,CollgCr
60,11003,Pave,1,1026,981,2008,Y,TA,Normal,Somerst
30,8854,Pave,0,952,0,1950,N,Fa,Normal,BrkSide
20,8500,Pave,0,1422,0,2004,Y,TA,Normal,CollgCr
85,8400,Pave,1,913,0,1966,Y,TA,Normal,Sawyer
20,26142,Pave,0,1188,0,1962,Y,TA,Normal,Mitchel
60,10000,Pave,1,1220,870,1996,Y,TA,Normal,CollgCr
50,11767,Pave,0,796,550,2000,N,Fa,Normal,Edwards
180,1533,Pave,1,630,0,1970,Y,,Abnorml,MeadowV
90,9000,Pave,0,896,896,1974,Y,,Normal,NAmes
20,9262,Pave,0,1578,0,2009,Y,TA,Partial,Somerst
180,3675,Pave,1,1072,0,2005,Y,TA,Normal,Edwards
20,17217,Pave,0,1140,0,2006,Y,,Abnorml,Mitchel
20,7500,Pave,1,1221,0,2005,Y,TA,Normal,Somerst
60,7917,Pave,0,953,694,2000,Y,TA,Normal,Gilbert
20,13175,Pave,1,2073,0,1988,Y,TA,Normal,NWAmes
70,9042,Pave,0,1188,1152,2006,Y,TA,Normal,Crawfor
20,9717,Pave,1,1078,0,1996,Y,TA,Normal,NAmes
20,9937,Pave,1,1256,0,1965,Y,TA,Normal,Edwards
